ID_DRIVER;NAME;SURNAME;SEX;BIRTH_DATE;PHONE_NUMBER;PESEL
4000;Marissa;Elliott;Female;23/01/1994;077/843/2061;94012371431
4001;Jamie;Chavez;Female;09/06/1975;067/764/9828;75060985319
4002;Caroline;Robinson;Female;08/01/1989;+1/202/934/5975;89010821692
4003;Margaret;West;Female;06/10/1991;670/548/9967x5211;91100689112
4004;Alexandra;Rodriguez;Female;02/09/1977;0566680406;77090288621
4005;Aaron;Henry;Male;29/11/1977;(880)961/2884x29232;77112922396
4006;James;Williams;Male;24/12/1987;(655)045/4650x419;87122483809
4007;Noah;Swanson;Male;11/09/1983;001/526/491/2559x1862;83091180230
4008;Nicholas;Zhang;Male;14/12/1985;3590565278;85121419749
4009;Kristen;Dunn;Female;31/12/1998;398.720.3324x087;98123115676
4010;Lauren;Moore;Female;09/08/1980;259/051/1494x286;80080945337
4011;Robert;Lopez;Male;08/06/1981;(759)479/8948x1876;81060831463
4012;Kim;Goodman;Female;14/11/1977;001/619/311/2975;77111486477
4013;Angela;Nash;Female;30/05/1988;0403461908;88053001021
4014;Jessica;Le;Female;07/08/1993;+1/705/497/8880x3463;93080741844
4015;Catherine;Rivera;Female;04/04/1994;479.440.9729;94040455819
4016;Kim;Davies;Female;04/12/1969;543/096/7016x5073;69120411602
4017;Frederick;Collins;Male;17/12/1975;001/450/796/0038;75121734637
4018;Catherine;Thomas;Female;03/01/1988;(886)630/9905x457;88010342881
4019;Travis;Turner;Male;29/11/1984;(248)830/5093x62502;84112944271
4020;Alejandra;Reed;Female;23/05/1982;533.676.2679x523;82052317798
4021;Erin;Jackson;Female;31/03/1983;001/661/714/3043x632;83033150309
4022;Steven;Hernandez;Male;26/09/1996;(123)002/2620x381;96092617001
4023;Elizabeth;Garcia;Female;26/10/1995;1017170783;95102656724
4024;Jeffrey;Wood;Male;20/06/1995;693/669/0665x7357;95062019816
4025;Patricia;Little;Female;14/03/1990;(587)312/2023x84103;90031468080
4026;Christopher;Griffin;Male;06/02/1987;001/658/716/7136x251;87020686558
4027;Joshua;Hernandez;Male;29/05/1992;(096)834/4123;92052949667
4028;Ashley;Martin;Female;03/07/1972;797.369.6318;72070384032
4029;Eric;Lee;Male;10/02/1999;596/701/0988;99021070373
4030;William;Dennis;Male;08/11/1999;(749)232/2889x0277;99110841709
4031;Chase;Bryant;Male;02/01/1971;044/946/6229x345;71010200127
4032;Craig;Gordon;Male;10/01/1979;3411251810;79011037778
4033;Matthew;Young;Male;27/09/1972;262/345/4458x86509;72092783736
4034;Samuel;Ball;Male;25/05/1974;1406795854;74052586155
4035;Lisa;Barnett;Female;28/05/1983;(022)777/4288;83052827384
4036;Thomas;Hill;Male;02/09/1972;470.663.2121x302;72090291088
4037;Robert;Hernandez;Male;09/04/1987;845.454.1549x12848;87040960010
4038;Cindy;Evans;Female;06/10/1998;+1/815/699/8476x2401;98100684912
4039;Joshua;Lee;Male;19/06/1999;6938041838;99061936548
4040;Sara;Gutierrez;Female;24/02/1991;213.114.2706x25412;91022487979
4041;Felicia;Dean;Female;30/08/1992;215/942/9765x68931;92083042856
4042;Paula;Ross;Female;02/11/1989;438.909.4101x026;89110247950
4043;Richard;Morris;Male;12/11/1987;001/776/136/8940x5976;87111279405
4044;Kimberly;Washington;Female;30/10/1971;+1/299/346/9835x431;71103008307
4045;Sandra;Cummings;Female;04/10/1989;828.544.9113x747;89100482874
4046;David;Ellison;Male;23/01/1994;008/453/2352x72702;94012351363
4047;Kelly;Wilson;Female;09/05/1990;9302969411;90050915601
4048;Sherry;Jenkins;Female;10/07/1970;283.901.8158;70071058369
4049;Savannah;Chang;Female;19/12/1975;024/265/1306;75121904699
4050;Adam;Ross;Male;26/06/1975;3635368725;75062651633
4051;Gregory;Fowler;Male;16/07/1986;(236)289/8068;86071687514
4052;Raymond;Hall;Male;30/08/1970;9158627064;70083053681
4053;Nancy;Harris;Female;14/02/1975;508/450/1110;75021472499
4054;Amy;Johnson;Female;24/04/1982;001/293/667/5235x67027;82042445520
4055;Samuel;Jones;Male;04/03/1973;001/624/872/9401;73030442587
4056;David;Moore;Male;26/11/1979;(237)978/4512;79112611848
4057;William;Robinson;Male;29/12/1975;375/312/2848;75122953734
4058;Ronald;Winters;Male;10/03/1985;(805)270/6664x78465;85031023900
4059;Courtney;Bennett;Female;23/03/1971;001/708/321/1593x55238;71032354261
4060;Jesse;Guzman;Male;08/02/1999;6664253078;99020822751
4061;Joe;Long;Male;04/09/1989;142/735/4759x571;89090440049
4062;Leslie;Sims;Female;15/12/1998;414.409.0063x36945;98121530619
4063;Nicole;Avila;Female;10/04/1983;321/246/6146x041;83041059611
4064;Jeffrey;Lewis;Male;23/11/1976;+1/478/204/3143x154;76112302909
4065;Angela;Perkins;Female;28/12/1983;606.199.2219x1369;83122851208
4066;James;Green;Male;10/07/1996;680/295/4387x02289;96071064346
4067;Craig;Clarke;Male;19/12/1988;(367)246/4468x1958;88121957903
4068;Michael;Stewart;Male;07/08/1977;(322)789/4261x75720;77080769562
4069;John;Lopez;Male;18/10/1990;+1/483/653/2106x0017;90101879255
4070;Nathan;Stanton;Male;14/03/1972;342/713/3026x393;72031410118
4071;Sydney;Mccormick;Female;18/12/1990;642.699.6403;90121840010
4072;Michael;Nelson;Male;01/07/1996;977.321.4015x7379;96070114185
4073;Diamond;Jones;Female;09/11/1975;001/779/071/9554;75110966486
4074;Mary;Lewis;Female;20/04/1982;001/435/494/7681x538;82042008304
4075;Crystal;Miller;Female;06/08/1978;8882798620;78080684867
4076;Thomas;Harris;Male;17/10/1977;687.335.5891;77101743976
4077;Isaiah;Yates;Male;03/09/1983;+1/202/198/4341;83090344228
4078;Barbara;Bishop;Female;11/05/1979;552.327.2140x8710;79051100041
4079;James;Bush;Male;07/03/1978;316/000/1724;78030700833
4080;Lisa;Williams;Female;01/04/1997;(845)840/8425x508;97040123410
4081;Donna;Cooper;Female;07/01/1971;(012)317/2754;71010710829
4082;Steven;Khan;Male;12/03/1978;843.402.9163x8890;78031293191
4083;Katie;Bullock;Female;16/01/1973;(057)107/6787x05323;73011631931
4084;Ricky;Baker;Male;14/11/1981;6686356787;81111416358
4085;Willie;Carrillo;Male;19/04/1985;435.190.2962;85041902669
4086;Maria;Montgomery;Female;21/08/1996;2197767167;96082100292
4087;Matthew;Reynolds;Male;28/10/1993;(030)579/7676;93102893267
4088;Joseph;Morgan;Male;29/06/1988;001/981/628/6944x779;88062993455
4089;Caroline;Carrillo;Female;28/11/1980;(303)281/7517x5881;80112802687
4090;Joseph;Smith;Male;18/03/1972;499/625/7698x5128;72031877154
4091;Amanda;Rich;Female;10/03/1974;001/810/622/2039;74031041389
4092;Jillian;Daniels;Female;20/03/1974;110.950.3699x10532;74032043412
4093;Kevin;Adams;Male;27/07/1983;038.077.9258;83072768892
4094;Beth;Cooper;Female;24/08/1986;001/913/828/6447x36972;86082402390
4095;Todd;Delgado;Male;23/10/1973;(507)430/7491;73102396889
4096;James;Chan;Male;27/12/1978;(185)871/5969x2556;78122751140
4097;Peter;Graham;Male;09/02/1992;(753)809/1329x45510;92020960935
4098;Emily;Williams;Female;13/04/1995;443.213.0604x0125;95041328305
4099;Stephanie;Santiago;Female;08/08/1999;+1/311/662/0770x697;99080844721
