ID_DRIVER,DATE,DAY,NIGHT
4000,01-01-2008,85,75
4000,02-01-2008,87,73
4000,03-01-2008,80,80
4000,04-01-2008,83,77
4000,05-01-2008,84,76
4000,06-01-2008,77,83
4000,07-01-2008,73,87
4000,08-01-2008,89,71
4000,09-01-2008,83,77
4000,10-01-2008,79,81
4000,11-01-2008,74,86
4000,12-01-2008,77,83
4000,01-01-2009,88,72
4000,02-01-2009,81,79
4000,03-01-2009,82,78
4000,04-01-2009,90,70
4000,05-01-2009,86,74
4000,06-01-2009,73,87
4000,07-01-2009,80,80
4000,08-01-2009,89,71
4000,09-01-2009,79,81
4001,01-01-2008,83,77
4001,02-01-2008,75,85
4001,03-01-2008,79,81
4001,04-01-2008,90,70
4001,05-01-2008,86,74
4001,06-01-2008,71,89
4001,07-01-2008,89,71
4001,08-01-2008,76,84
4001,09-01-2008,90,70
4001,10-01-2008,89,71
4001,11-01-2008,87,73
4001,12-01-2008,88,72
4001,01-01-2009,74,86
4001,02-01-2009,71,89
4001,03-01-2009,81,79
4001,04-01-2009,75,85
4001,05-01-2009,76,84
4001,06-01-2009,88,72
4001,07-01-2009,71,89
4001,08-01-2009,89,71
4001,09-01-2009,74,86
4002,01-01-2008,72,88
4002,02-01-2008,74,86
4002,03-01-2008,82,78
4002,04-01-2008,77,83
4002,05-01-2008,86,74
4002,06-01-2008,75,85
4002,07-01-2008,84,76
4002,08-01-2008,85,75
4002,09-01-2008,73,87
4002,10-01-2008,88,72
4002,11-01-2008,82,78
4002,12-01-2008,78,82
4002,01-01-2009,83,77
4002,02-01-2009,88,72
4002,03-01-2009,74,86
4002,04-01-2009,80,80
4002,05-01-2009,83,77
4002,06-01-2009,74,86
4002,07-01-2009,77,83
4002,08-01-2009,82,78
4002,09-01-2009,73,87
4003,01-01-2008,90,70
4003,02-01-2008,86,74
4003,03-01-2008,84,76
4003,04-01-2008,90,70
4003,05-01-2008,74,86
4003,06-01-2008,90,70
4003,07-01-2008,78,82
4003,08-01-2008,81,79
4003,09-01-2008,77,83
4003,10-01-2008,72,88
4003,11-01-2008,73,87
4003,12-01-2008,89,71
4003,01-01-2009,84,76
4003,02-01-2009,75,85
4003,03-01-2009,83,77
4003,04-01-2009,73,87
4003,05-01-2009,79,81
4003,06-01-2009,81,79
4003,07-01-2009,86,74
4003,08-01-2009,74,86
4003,09-01-2009,90,70
4004,01-01-2008,74,86
4004,02-01-2008,74,86
4004,03-01-2008,81,79
4004,04-01-2008,82,78
4004,05-01-2008,89,71
4004,06-01-2008,77,83
4004,07-01-2008,89,71
4004,08-01-2008,74,86
4004,09-01-2008,85,75
4004,10-01-2008,75,85
4004,11-01-2008,88,72
4004,12-01-2008,72,88
4004,01-01-2009,86,74
4004,02-01-2009,86,74
4004,03-01-2009,82,78
4004,04-01-2009,75,85
4004,05-01-2009,79,81
4004,06-01-2009,71,89
4004,07-01-2009,78,82
4004,08-01-2009,80,80
4004,09-01-2009,83,77
4005,01-01-2008,82,78
4005,02-01-2008,90,70
4005,03-01-2008,88,72
4005,04-01-2008,89,71
4005,05-01-2008,80,80
4005,06-01-2008,76,84
4005,07-01-2008,87,73
4005,08-01-2008,78,82
4005,09-01-2008,82,78
4005,10-01-2008,86,74
4005,11-01-2008,85,75
4005,12-01-2008,85,75
4005,01-01-2009,85,75
4005,02-01-2009,75,85
4005,03-01-2009,71,89
4005,04-01-2009,81,79
4005,05-01-2009,75,85
4005,06-01-2009,84,76
4005,07-01-2009,76,84
4005,08-01-2009,86,74
4005,09-01-2009,86,74
4006,01-01-2008,81,79
4006,02-01-2008,88,72
4006,03-01-2008,80,80
4006,04-01-2008,85,75
4006,05-01-2008,84,76
4006,06-01-2008,86,74
4006,07-01-2008,84,76
4006,08-01-2008,85,75
4006,09-01-2008,86,74
4006,10-01-2008,88,72
4006,11-01-2008,83,77
4006,12-01-2008,87,73
4006,01-01-2009,88,72
4006,02-01-2009,81,79
4006,03-01-2009,88,72
4006,04-01-2009,79,81
4006,05-01-2009,90,70
4006,06-01-2009,77,83
4006,07-01-2009,75,85
4006,08-01-2009,86,74
4006,09-01-2009,76,84
4007,01-01-2008,79,81
4007,02-01-2008,72,88
4007,03-01-2008,74,86
4007,04-01-2008,80,80
4007,05-01-2008,80,80
4007,06-01-2008,88,72
4007,07-01-2008,75,85
4007,08-01-2008,73,87
4007,09-01-2008,89,71
4007,10-01-2008,71,89
4007,11-01-2008,82,78
4007,12-01-2008,83,77
4007,01-01-2009,77,83
4007,02-01-2009,90,70
4007,03-01-2009,74,86
4007,04-01-2009,84,76
4007,05-01-2009,78,82
4007,06-01-2009,85,75
4007,07-01-2009,90,70
4007,08-01-2009,81,79
4007,09-01-2009,89,71
4008,01-01-2008,83,77
4008,02-01-2008,72,88
4008,03-01-2008,81,79
4008,04-01-2008,76,84
4008,05-01-2008,87,73
4008,06-01-2008,79,81
4008,07-01-2008,74,86
4008,08-01-2008,86,74
4008,09-01-2008,81,79
4008,10-01-2008,85,75
4008,11-01-2008,79,81
4008,12-01-2008,84,76
4008,01-01-2009,90,70
4008,02-01-2009,83,77
4008,03-01-2009,71,89
4008,04-01-2009,80,80
4008,05-01-2009,81,79
4008,06-01-2009,76,84
4008,07-01-2009,77,83
4008,08-01-2009,80,80
4008,09-01-2009,84,76
4009,01-01-2008,82,78
4009,02-01-2008,78,82
4009,03-01-2008,81,79
4009,04-01-2008,86,74
4009,05-01-2008,73,87
4009,06-01-2008,83,77
4009,07-01-2008,89,71
4009,08-01-2008,89,71
4009,09-01-2008,72,88
4009,10-01-2008,84,76
4009,11-01-2008,75,85
4009,12-01-2008,85,75
4009,01-01-2009,89,71
4009,02-01-2009,73,87
4009,03-01-2009,78,82
4009,04-01-2009,82,78
4009,05-01-2009,90,70
4009,06-01-2009,84,76
4009,07-01-2009,89,71
4009,08-01-2009,74,86
4009,09-01-2009,90,70
4010,01-01-2008,76,84
4010,02-01-2008,87,73
4010,03-01-2008,84,76
4010,04-01-2008,74,86
4010,05-01-2008,83,77
4010,06-01-2008,86,74
4010,07-01-2008,82,78
4010,08-01-2008,86,74
4010,09-01-2008,76,84
4010,10-01-2008,84,76
4010,11-01-2008,83,77
4010,12-01-2008,85,75
4010,01-01-2009,80,80
4010,02-01-2009,81,79
4010,03-01-2009,89,71
4010,04-01-2009,84,76
4010,05-01-2009,73,87
4010,06-01-2009,81,79
4010,07-01-2009,87,73
4010,08-01-2009,82,78
4010,09-01-2009,85,75
4011,01-01-2008,83,77
4011,02-01-2008,86,74
4011,03-01-2008,71,89
4011,04-01-2008,89,71
4011,05-01-2008,82,78
4011,06-01-2008,89,71
4011,07-01-2008,72,88
4011,08-01-2008,82,78
4011,09-01-2008,87,73
4011,10-01-2008,76,84
4011,11-01-2008,79,81
4011,12-01-2008,76,84
4011,01-01-2009,88,72
4011,02-01-2009,72,88
4011,03-01-2009,75,85
4011,04-01-2009,81,79
4011,05-01-2009,72,88
4011,06-01-2009,73,87
4011,07-01-2009,89,71
4011,08-01-2009,79,81
4011,09-01-2009,72,88
4012,01-01-2008,80,80
4012,02-01-2008,83,77
4012,03-01-2008,88,72
4012,04-01-2008,82,78
4012,05-01-2008,84,76
4012,06-01-2008,89,71
4012,07-01-2008,71,89
4012,08-01-2008,85,75
4012,09-01-2008,89,71
4012,10-01-2008,87,73
4012,11-01-2008,74,86
4012,12-01-2008,80,80
4012,01-01-2009,80,80
4012,02-01-2009,90,70
4012,03-01-2009,81,79
4012,04-01-2009,88,72
4012,05-01-2009,88,72
4012,06-01-2009,76,84
4012,07-01-2009,86,74
4012,08-01-2009,85,75
4012,09-01-2009,86,74
4013,01-01-2008,79,81
4013,02-01-2008,84,76
4013,03-01-2008,85,75
4013,04-01-2008,75,85
4013,05-01-2008,82,78
4013,06-01-2008,71,89
4013,07-01-2008,73,87
4013,08-01-2008,83,77
4013,09-01-2008,81,79
4013,10-01-2008,88,72
4013,11-01-2008,83,77
4013,12-01-2008,80,80
4013,01-01-2009,89,71
4013,02-01-2009,80,80
4013,03-01-2009,80,80
4013,04-01-2009,89,71
4013,05-01-2009,82,78
4013,06-01-2009,82,78
4013,07-01-2009,77,83
4013,08-01-2009,71,89
4013,09-01-2009,79,81
4014,01-01-2008,74,86
4014,02-01-2008,86,74
4014,03-01-2008,77,83
4014,04-01-2008,83,77
4014,05-01-2008,89,71
4014,06-01-2008,75,85
4014,07-01-2008,80,80
4014,08-01-2008,73,87
4014,09-01-2008,78,82
4014,10-01-2008,72,88
4014,11-01-2008,75,85
4014,12-01-2008,89,71
4014,01-01-2009,89,71
4014,02-01-2009,85,75
4014,03-01-2009,78,82
4014,04-01-2009,86,74
4014,05-01-2009,78,82
4014,06-01-2009,80,80
4014,07-01-2009,90,70
4014,08-01-2009,82,78
4014,09-01-2009,73,87
4015,01-01-2008,84,76
4015,02-01-2008,79,81
4015,03-01-2008,90,70
4015,04-01-2008,72,88
4015,05-01-2008,88,72
4015,06-01-2008,81,79
4015,07-01-2008,82,78
4015,08-01-2008,81,79
4015,09-01-2008,90,70
4015,10-01-2008,82,78
4015,11-01-2008,88,72
4015,12-01-2008,71,89
4015,01-01-2009,79,81
4015,02-01-2009,79,81
4015,03-01-2009,73,87
4015,04-01-2009,73,87
4015,05-01-2009,88,72
4015,06-01-2009,85,75
4015,07-01-2009,81,79
4015,08-01-2009,82,78
4015,09-01-2009,89,71
4016,01-01-2008,78,82
4016,02-01-2008,90,70
4016,03-01-2008,75,85
4016,04-01-2008,79,81
4016,05-01-2008,88,72
4016,06-01-2008,74,86
4016,07-01-2008,89,71
4016,08-01-2008,90,70
4016,09-01-2008,76,84
4016,10-01-2008,90,70
4016,11-01-2008,82,78
4016,12-01-2008,85,75
4016,01-01-2009,72,88
4016,02-01-2009,71,89
4016,03-01-2009,77,83
4016,04-01-2009,78,82
4016,05-01-2009,83,77
4016,06-01-2009,71,89
4016,07-01-2009,88,72
4016,08-01-2009,84,76
4016,09-01-2009,82,78
4017,01-01-2008,84,76
4017,02-01-2008,80,80
4017,03-01-2008,89,71
4017,04-01-2008,89,71
4017,05-01-2008,71,89
4017,06-01-2008,77,83
4017,07-01-2008,76,84
4017,08-01-2008,86,74
4017,09-01-2008,78,82
4017,10-01-2008,71,89
4017,11-01-2008,75,85
4017,12-01-2008,90,70
4017,01-01-2009,89,71
4017,02-01-2009,90,70
4017,03-01-2009,88,72
4017,04-01-2009,81,79
4017,05-01-2009,87,73
4017,06-01-2009,75,85
4017,07-01-2009,75,85
4017,08-01-2009,84,76
4017,09-01-2009,80,80
4018,01-01-2008,75,85
4018,02-01-2008,75,85
4018,03-01-2008,84,76
4018,04-01-2008,88,72
4018,05-01-2008,77,83
4018,06-01-2008,79,81
4018,07-01-2008,83,77
4018,08-01-2008,85,75
4018,09-01-2008,73,87
4018,10-01-2008,74,86
4018,11-01-2008,83,77
4018,12-01-2008,76,84
4018,01-01-2009,76,84
4018,02-01-2009,76,84
4018,03-01-2009,78,82
4018,04-01-2009,74,86
4018,05-01-2009,82,78
4018,06-01-2009,73,87
4018,07-01-2009,88,72
4018,08-01-2009,87,73
4018,09-01-2009,78,82
4019,01-01-2008,75,85
4019,02-01-2008,84,76
4019,03-01-2008,76,84
4019,04-01-2008,88,72
4019,05-01-2008,89,71
4019,06-01-2008,82,78
4019,07-01-2008,74,86
4019,08-01-2008,82,78
4019,09-01-2008,75,85
4019,10-01-2008,82,78
4019,11-01-2008,84,76
4019,12-01-2008,79,81
4019,01-01-2009,86,74
4019,02-01-2009,81,79
4019,03-01-2009,89,71
4019,04-01-2009,75,85
4019,05-01-2009,78,82
4019,06-01-2009,81,79
4019,07-01-2009,84,76
4019,08-01-2009,82,78
4019,09-01-2009,80,80
4020,01-01-2008,85,75
4020,02-01-2008,87,73
4020,03-01-2008,74,86
4020,04-01-2008,79,81
4020,05-01-2008,83,77
4020,06-01-2008,90,70
4020,07-01-2008,90,70
4020,08-01-2008,90,70
4020,09-01-2008,75,85
4020,10-01-2008,86,74
4020,11-01-2008,85,75
4020,12-01-2008,82,78
4020,01-01-2009,81,79
4020,02-01-2009,87,73
4020,03-01-2009,80,80
4020,04-01-2009,84,76
4020,05-01-2009,85,75
4020,06-01-2009,87,73
4020,07-01-2009,74,86
4020,08-01-2009,73,87
4020,09-01-2009,90,70
4021,01-01-2008,72,88
4021,02-01-2008,81,79
4021,03-01-2008,84,76
4021,04-01-2008,82,78
4021,05-01-2008,72,88
4021,06-01-2008,84,76
4021,07-01-2008,80,80
4021,08-01-2008,74,86
4021,09-01-2008,73,87
4021,10-01-2008,71,89
4021,11-01-2008,87,73
4021,12-01-2008,82,78
4021,01-01-2009,72,88
4021,02-01-2009,88,72
4021,03-01-2009,83,77
4021,04-01-2009,83,77
4021,05-01-2009,75,85
4021,06-01-2009,75,85
4021,07-01-2009,75,85
4021,08-01-2009,79,81
4021,09-01-2009,71,89
4022,01-01-2008,79,81
4022,02-01-2008,71,89
4022,03-01-2008,74,86
4022,04-01-2008,79,81
4022,05-01-2008,75,85
4022,06-01-2008,79,81
4022,07-01-2008,84,76
4022,08-01-2008,90,70
4022,09-01-2008,78,82
4022,10-01-2008,87,73
4022,11-01-2008,84,76
4022,12-01-2008,90,70
4022,01-01-2009,73,87
4022,02-01-2009,84,76
4022,03-01-2009,86,74
4022,04-01-2009,73,87
4022,05-01-2009,86,74
4022,06-01-2009,81,79
4022,07-01-2009,71,89
4022,08-01-2009,81,79
4022,09-01-2009,86,74
4023,01-01-2008,71,89
4023,02-01-2008,86,74
4023,03-01-2008,81,79
4023,04-01-2008,76,84
4023,05-01-2008,79,81
4023,06-01-2008,74,86
4023,07-01-2008,73,87
4023,08-01-2008,90,70
4023,09-01-2008,89,71
4023,10-01-2008,88,72
4023,11-01-2008,89,71
4023,12-01-2008,78,82
4023,01-01-2009,82,78
4023,02-01-2009,88,72
4023,03-01-2009,71,89
4023,04-01-2009,74,86
4023,05-01-2009,84,76
4023,06-01-2009,82,78
4023,07-01-2009,78,82
4023,08-01-2009,87,73
4023,09-01-2009,85,75
4024,01-01-2008,77,83
4024,02-01-2008,87,73
4024,03-01-2008,83,77
4024,04-01-2008,72,88
4024,05-01-2008,90,70
4024,06-01-2008,85,75
4024,07-01-2008,76,84
4024,08-01-2008,79,81
4024,09-01-2008,77,83
4024,10-01-2008,80,80
4024,11-01-2008,86,74
4024,12-01-2008,73,87
4024,01-01-2009,78,82
4024,02-01-2009,72,88
4024,03-01-2009,82,78
4024,04-01-2009,74,86
4024,05-01-2009,74,86
4024,06-01-2009,84,76
4024,07-01-2009,85,75
4024,08-01-2009,77,83
4024,09-01-2009,87,73
4025,01-01-2008,88,72
4025,02-01-2008,89,71
4025,03-01-2008,87,73
4025,04-01-2008,74,86
4025,05-01-2008,83,77
4025,06-01-2008,74,86
4025,07-01-2008,71,89
4025,08-01-2008,73,87
4025,09-01-2008,82,78
4025,10-01-2008,80,80
4025,11-01-2008,85,75
4025,12-01-2008,75,85
4025,01-01-2009,73,87
4025,02-01-2009,86,74
4025,03-01-2009,85,75
4025,04-01-2009,84,76
4025,05-01-2009,76,84
4025,06-01-2009,76,84
4025,07-01-2009,90,70
4025,08-01-2009,74,86
4025,09-01-2009,71,89
4026,01-01-2008,90,70
4026,02-01-2008,89,71
4026,03-01-2008,83,77
4026,04-01-2008,71,89
4026,05-01-2008,88,72
4026,06-01-2008,74,86
4026,07-01-2008,82,78
4026,08-01-2008,90,70
4026,09-01-2008,85,75
4026,10-01-2008,76,84
4026,11-01-2008,78,82
4026,12-01-2008,72,88
4026,01-01-2009,72,88
4026,02-01-2009,80,80
4026,03-01-2009,90,70
4026,04-01-2009,79,81
4026,05-01-2009,86,74
4026,06-01-2009,78,82
4026,07-01-2009,84,76
4026,08-01-2009,88,72
4026,09-01-2009,75,85
4027,01-01-2008,90,70
4027,02-01-2008,73,87
4027,03-01-2008,90,70
4027,04-01-2008,90,70
4027,05-01-2008,79,81
4027,06-01-2008,83,77
4027,07-01-2008,84,76
4027,08-01-2008,87,73
4027,09-01-2008,77,83
4027,10-01-2008,75,85
4027,11-01-2008,89,71
4027,12-01-2008,79,81
4027,01-01-2009,85,75
4027,02-01-2009,78,82
4027,03-01-2009,81,79
4027,04-01-2009,81,79
4027,05-01-2009,83,77
4027,06-01-2009,87,73
4027,07-01-2009,85,75
4027,08-01-2009,88,72
4027,09-01-2009,87,73
4028,01-01-2008,79,81
4028,02-01-2008,84,76
4028,03-01-2008,79,81
4028,04-01-2008,85,75
4028,05-01-2008,74,86
4028,06-01-2008,80,80
4028,07-01-2008,90,70
4028,08-01-2008,85,75
4028,09-01-2008,90,70
4028,10-01-2008,85,75
4028,11-01-2008,78,82
4028,12-01-2008,87,73
4028,01-01-2009,77,83
4028,02-01-2009,76,84
4028,03-01-2009,79,81
4028,04-01-2009,86,74
4028,05-01-2009,86,74
4028,06-01-2009,74,86
4028,07-01-2009,76,84
4028,08-01-2009,72,88
4028,09-01-2009,87,73
4029,01-01-2008,87,73
4029,02-01-2008,90,70
4029,03-01-2008,80,80
4029,04-01-2008,81,79
4029,05-01-2008,86,74
4029,06-01-2008,84,76
4029,07-01-2008,82,78
4029,08-01-2008,89,71
4029,09-01-2008,76,84
4029,10-01-2008,80,80
4029,11-01-2008,84,76
4029,12-01-2008,82,78
4029,01-01-2009,88,72
4029,02-01-2009,74,86
4029,03-01-2009,73,87
4029,04-01-2009,73,87
4029,05-01-2009,79,81
4029,06-01-2009,79,81
4029,07-01-2009,79,81
4029,08-01-2009,74,86
4029,09-01-2009,80,80
4030,01-01-2008,86,74
4030,02-01-2008,85,75
4030,03-01-2008,86,74
4030,04-01-2008,83,77
4030,05-01-2008,89,71
4030,06-01-2008,75,85
4030,07-01-2008,73,87
4030,08-01-2008,71,89
4030,09-01-2008,81,79
4030,10-01-2008,87,73
4030,11-01-2008,90,70
4030,12-01-2008,72,88
4030,01-01-2009,75,85
4030,02-01-2009,74,86
4030,03-01-2009,79,81
4030,04-01-2009,80,80
4030,05-01-2009,90,70
4030,06-01-2009,71,89
4030,07-01-2009,83,77
4030,08-01-2009,77,83
4030,09-01-2009,86,74
4031,01-01-2008,74,86
4031,02-01-2008,77,83
4031,03-01-2008,81,79
4031,04-01-2008,74,86
4031,05-01-2008,90,70
4031,06-01-2008,75,85
4031,07-01-2008,71,89
4031,08-01-2008,86,74
4031,09-01-2008,88,72
4031,10-01-2008,82,78
4031,11-01-2008,84,76
4031,12-01-2008,78,82
4031,01-01-2009,76,84
4031,02-01-2009,80,80
4031,03-01-2009,71,89
4031,04-01-2009,76,84
4031,05-01-2009,82,78
4031,06-01-2009,72,88
4031,07-01-2009,71,89
4031,08-01-2009,78,82
4031,09-01-2009,80,80
4032,01-01-2008,75,85
4032,02-01-2008,72,88
4032,03-01-2008,90,70
4032,04-01-2008,86,74
4032,05-01-2008,87,73
4032,06-01-2008,75,85
4032,07-01-2008,71,89
4032,08-01-2008,71,89
4032,09-01-2008,74,86
4032,10-01-2008,77,83
4032,11-01-2008,75,85
4032,12-01-2008,89,71
4032,01-01-2009,86,74
4032,02-01-2009,71,89
4032,03-01-2009,74,86
4032,04-01-2009,76,84
4032,05-01-2009,86,74
4032,06-01-2009,71,89
4032,07-01-2009,90,70
4032,08-01-2009,81,79
4032,09-01-2009,74,86
4033,01-01-2008,80,80
4033,02-01-2008,83,77
4033,03-01-2008,76,84
4033,04-01-2008,79,81
4033,05-01-2008,87,73
4033,06-01-2008,81,79
4033,07-01-2008,74,86
4033,08-01-2008,74,86
4033,09-01-2008,85,75
4033,10-01-2008,72,88
4033,11-01-2008,85,75
4033,12-01-2008,71,89
4033,01-01-2009,75,85
4033,02-01-2009,89,71
4033,03-01-2009,75,85
4033,04-01-2009,81,79
4033,05-01-2009,86,74
4033,06-01-2009,80,80
4033,07-01-2009,88,72
4033,08-01-2009,73,87
4033,09-01-2009,84,76
4034,01-01-2008,82,78
4034,02-01-2008,74,86
4034,03-01-2008,90,70
4034,04-01-2008,83,77
4034,05-01-2008,76,84
4034,06-01-2008,79,81
4034,07-01-2008,79,81
4034,08-01-2008,80,80
4034,09-01-2008,81,79
4034,10-01-2008,71,89
4034,11-01-2008,83,77
4034,12-01-2008,75,85
4034,01-01-2009,74,86
4034,02-01-2009,89,71
4034,03-01-2009,87,73
4034,04-01-2009,88,72
4034,05-01-2009,83,77
4034,06-01-2009,82,78
4034,07-01-2009,79,81
4034,08-01-2009,87,73
4034,09-01-2009,78,82
4035,01-01-2008,82,78
4035,02-01-2008,84,76
4035,03-01-2008,73,87
4035,04-01-2008,77,83
4035,05-01-2008,74,86
4035,06-01-2008,74,86
4035,07-01-2008,79,81
4035,08-01-2008,89,71
4035,09-01-2008,79,81
4035,10-01-2008,78,82
4035,11-01-2008,90,70
4035,12-01-2008,90,70
4035,01-01-2009,84,76
4035,02-01-2009,74,86
4035,03-01-2009,84,76
4035,04-01-2009,73,87
4035,05-01-2009,80,80
4035,06-01-2009,90,70
4035,07-01-2009,86,74
4035,08-01-2009,71,89
4035,09-01-2009,74,86
4036,01-01-2008,81,79
4036,02-01-2008,71,89
4036,03-01-2008,77,83
4036,04-01-2008,86,74
4036,05-01-2008,76,84
4036,06-01-2008,79,81
4036,07-01-2008,89,71
4036,08-01-2008,90,70
4036,09-01-2008,88,72
4036,10-01-2008,80,80
4036,11-01-2008,72,88
4036,12-01-2008,84,76
4036,01-01-2009,90,70
4036,02-01-2009,90,70
4036,03-01-2009,74,86
4036,04-01-2009,74,86
4036,05-01-2009,90,70
4036,06-01-2009,86,74
4036,07-01-2009,80,80
4036,08-01-2009,89,71
4036,09-01-2009,77,83
4037,01-01-2008,88,72
4037,02-01-2008,82,78
4037,03-01-2008,80,80
4037,04-01-2008,86,74
4037,05-01-2008,71,89
4037,06-01-2008,72,88
4037,07-01-2008,82,78
4037,08-01-2008,82,78
4037,09-01-2008,74,86
4037,10-01-2008,74,86
4037,11-01-2008,76,84
4037,12-01-2008,74,86
4037,01-01-2009,85,75
4037,02-01-2009,83,77
4037,03-01-2009,82,78
4037,04-01-2009,77,83
4037,05-01-2009,75,85
4037,06-01-2009,81,79
4037,07-01-2009,80,80
4037,08-01-2009,73,87
4037,09-01-2009,72,88
4038,01-01-2008,73,87
4038,02-01-2008,77,83
4038,03-01-2008,75,85
4038,04-01-2008,78,82
4038,05-01-2008,89,71
4038,06-01-2008,75,85
4038,07-01-2008,81,79
4038,08-01-2008,84,76
4038,09-01-2008,76,84
4038,10-01-2008,74,86
4038,11-01-2008,71,89
4038,12-01-2008,82,78
4038,01-01-2009,86,74
4038,02-01-2009,88,72
4038,03-01-2009,83,77
4038,04-01-2009,76,84
4038,05-01-2009,83,77
4038,06-01-2009,76,84
4038,07-01-2009,84,76
4038,08-01-2009,81,79
4038,09-01-2009,84,76
4039,01-01-2008,75,85
4039,02-01-2008,71,89
4039,03-01-2008,72,88
4039,04-01-2008,84,76
4039,05-01-2008,84,76
4039,06-01-2008,84,76
4039,07-01-2008,72,88
4039,08-01-2008,76,84
4039,09-01-2008,83,77
4039,10-01-2008,73,87
4039,11-01-2008,86,74
4039,12-01-2008,72,88
4039,01-01-2009,76,84
4039,02-01-2009,84,76
4039,03-01-2009,72,88
4039,04-01-2009,84,76
4039,05-01-2009,85,75
4039,06-01-2009,90,70
4039,07-01-2009,75,85
4039,08-01-2009,71,89
4039,09-01-2009,77,83
4040,01-01-2008,90,70
4040,02-01-2008,83,77
4040,03-01-2008,71,89
4040,04-01-2008,72,88
4040,05-01-2008,87,73
4040,06-01-2008,78,82
4040,07-01-2008,80,80
4040,08-01-2008,80,80
4040,09-01-2008,90,70
4040,10-01-2008,86,74
4040,11-01-2008,89,71
4040,12-01-2008,85,75
4040,01-01-2009,76,84
4040,02-01-2009,87,73
4040,03-01-2009,86,74
4040,04-01-2009,71,89
4040,05-01-2009,88,72
4040,06-01-2009,86,74
4040,07-01-2009,72,88
4040,08-01-2009,77,83
4040,09-01-2009,82,78
4041,01-01-2008,80,80
4041,02-01-2008,89,71
4041,03-01-2008,84,76
4041,04-01-2008,77,83
4041,05-01-2008,71,89
4041,06-01-2008,83,77
4041,07-01-2008,90,70
4041,08-01-2008,84,76
4041,09-01-2008,73,87
4041,10-01-2008,84,76
4041,11-01-2008,73,87
4041,12-01-2008,85,75
4041,01-01-2009,83,77
4041,02-01-2009,73,87
4041,03-01-2009,86,74
4041,04-01-2009,81,79
4041,05-01-2009,76,84
4041,06-01-2009,75,85
4041,07-01-2009,72,88
4041,08-01-2009,75,85
4041,09-01-2009,85,75
4042,01-01-2008,87,73
4042,02-01-2008,76,84
4042,03-01-2008,81,79
4042,04-01-2008,76,84
4042,05-01-2008,79,81
4042,06-01-2008,87,73
4042,07-01-2008,90,70
4042,08-01-2008,77,83
4042,09-01-2008,90,70
4042,10-01-2008,84,76
4042,11-01-2008,74,86
4042,12-01-2008,74,86
4042,01-01-2009,71,89
4042,02-01-2009,85,75
4042,03-01-2009,84,76
4042,04-01-2009,74,86
4042,05-01-2009,76,84
4042,06-01-2009,88,72
4042,07-01-2009,80,80
4042,08-01-2009,90,70
4042,09-01-2009,83,77
4043,01-01-2008,82,78
4043,02-01-2008,71,89
4043,03-01-2008,84,76
4043,04-01-2008,76,84
4043,05-01-2008,89,71
4043,06-01-2008,83,77
4043,07-01-2008,85,75
4043,08-01-2008,77,83
4043,09-01-2008,81,79
4043,10-01-2008,86,74
4043,11-01-2008,89,71
4043,12-01-2008,73,87
4043,01-01-2009,75,85
4043,02-01-2009,87,73
4043,03-01-2009,83,77
4043,04-01-2009,77,83
4043,05-01-2009,83,77
4043,06-01-2009,84,76
4043,07-01-2009,86,74
4043,08-01-2009,86,74
4043,09-01-2009,74,86
4044,01-01-2008,83,77
4044,02-01-2008,89,71
4044,03-01-2008,89,71
4044,04-01-2008,77,83
4044,05-01-2008,73,87
4044,06-01-2008,89,71
4044,07-01-2008,75,85
4044,08-01-2008,76,84
4044,09-01-2008,88,72
4044,10-01-2008,80,80
4044,11-01-2008,83,77
4044,12-01-2008,77,83
4044,01-01-2009,73,87
4044,02-01-2009,83,77
4044,03-01-2009,78,82
4044,04-01-2009,79,81
4044,05-01-2009,78,82
4044,06-01-2009,81,79
4044,07-01-2009,73,87
4044,08-01-2009,79,81
4044,09-01-2009,83,77
4045,01-01-2008,74,86
4045,02-01-2008,85,75
4045,03-01-2008,84,76
4045,04-01-2008,81,79
4045,05-01-2008,82,78
4045,06-01-2008,83,77
4045,07-01-2008,79,81
4045,08-01-2008,84,76
4045,09-01-2008,82,78
4045,10-01-2008,88,72
4045,11-01-2008,82,78
4045,12-01-2008,80,80
4045,01-01-2009,89,71
4045,02-01-2009,89,71
4045,03-01-2009,78,82
4045,04-01-2009,90,70
4045,05-01-2009,81,79
4045,06-01-2009,83,77
4045,07-01-2009,75,85
4045,08-01-2009,84,76
4045,09-01-2009,85,75
4046,01-01-2008,83,77
4046,02-01-2008,76,84
4046,03-01-2008,73,87
4046,04-01-2008,76,84
4046,05-01-2008,83,77
4046,06-01-2008,81,79
4046,07-01-2008,84,76
4046,08-01-2008,87,73
4046,09-01-2008,75,85
4046,10-01-2008,73,87
4046,11-01-2008,86,74
4046,12-01-2008,86,74
4046,01-01-2009,85,75
4046,02-01-2009,85,75
4046,03-01-2009,89,71
4046,04-01-2009,87,73
4046,05-01-2009,88,72
4046,06-01-2009,72,88
4046,07-01-2009,73,87
4046,08-01-2009,79,81
4046,09-01-2009,79,81
4047,01-01-2008,84,76
4047,02-01-2008,87,73
4047,03-01-2008,74,86
4047,04-01-2008,71,89
4047,05-01-2008,76,84
4047,06-01-2008,88,72
4047,07-01-2008,85,75
4047,08-01-2008,79,81
4047,09-01-2008,89,71
4047,10-01-2008,77,83
4047,11-01-2008,72,88
4047,12-01-2008,77,83
4047,01-01-2009,77,83
4047,02-01-2009,72,88
4047,03-01-2009,81,79
4047,04-01-2009,87,73
4047,05-01-2009,87,73
4047,06-01-2009,84,76
4047,07-01-2009,72,88
4047,08-01-2009,71,89
4047,09-01-2009,90,70
4048,01-01-2008,90,70
4048,02-01-2008,75,85
4048,03-01-2008,84,76
4048,04-01-2008,87,73
4048,05-01-2008,87,73
4048,06-01-2008,76,84
4048,07-01-2008,72,88
4048,08-01-2008,88,72
4048,09-01-2008,79,81
4048,10-01-2008,71,89
4048,11-01-2008,88,72
4048,12-01-2008,72,88
4048,01-01-2009,71,89
4048,02-01-2009,72,88
4048,03-01-2009,74,86
4048,04-01-2009,80,80
4048,05-01-2009,86,74
4048,06-01-2009,73,87
4048,07-01-2009,75,85
4048,08-01-2009,85,75
4048,09-01-2009,88,72
4049,01-01-2008,85,75
4049,02-01-2008,90,70
4049,03-01-2008,87,73
4049,04-01-2008,89,71
4049,05-01-2008,81,79
4049,06-01-2008,73,87
4049,07-01-2008,71,89
4049,08-01-2008,84,76
4049,09-01-2008,71,89
4049,10-01-2008,75,85
4049,11-01-2008,74,86
4049,12-01-2008,88,72
4049,01-01-2009,73,87
4049,02-01-2009,74,86
4049,03-01-2009,82,78
4049,04-01-2009,87,73
4049,05-01-2009,74,86
4049,06-01-2009,85,75
4049,07-01-2009,80,80
4049,08-01-2009,87,73
4049,09-01-2009,83,77
4050,01-01-2008,87,73
4050,02-01-2008,87,73
4050,03-01-2008,85,75
4050,04-01-2008,73,87
4050,05-01-2008,74,86
4050,06-01-2008,82,78
4050,07-01-2008,75,85
4050,08-01-2008,77,83
4050,09-01-2008,72,88
4050,10-01-2008,80,80
4050,11-01-2008,90,70
4050,12-01-2008,85,75
4050,01-01-2009,86,74
4050,02-01-2009,82,78
4050,03-01-2009,72,88
4050,04-01-2009,86,74
4050,05-01-2009,75,85
4050,06-01-2009,83,77
4050,07-01-2009,87,73
4050,08-01-2009,80,80
4050,09-01-2009,82,78
4051,01-01-2008,83,77
4051,02-01-2008,88,72
4051,03-01-2008,73,87
4051,04-01-2008,78,82
4051,05-01-2008,78,82
4051,06-01-2008,90,70
4051,07-01-2008,75,85
4051,08-01-2008,75,85
4051,09-01-2008,72,88
4051,10-01-2008,84,76
4051,11-01-2008,73,87
4051,12-01-2008,87,73
4051,01-01-2009,87,73
4051,02-01-2009,78,82
4051,03-01-2009,73,87
4051,04-01-2009,88,72
4051,05-01-2009,85,75
4051,06-01-2009,71,89
4051,07-01-2009,88,72
4051,08-01-2009,77,83
4051,09-01-2009,73,87
4052,01-01-2008,88,72
4052,02-01-2008,72,88
4052,03-01-2008,72,88
4052,04-01-2008,83,77
4052,05-01-2008,77,83
4052,06-01-2008,84,76
4052,07-01-2008,76,84
4052,08-01-2008,74,86
4052,09-01-2008,78,82
4052,10-01-2008,76,84
4052,11-01-2008,76,84
4052,12-01-2008,84,76
4052,01-01-2009,81,79
4052,02-01-2009,89,71
4052,03-01-2009,84,76
4052,04-01-2009,86,74
4052,05-01-2009,73,87
4052,06-01-2009,81,79
4052,07-01-2009,82,78
4052,08-01-2009,73,87
4052,09-01-2009,79,81
4053,01-01-2008,72,88
4053,02-01-2008,90,70
4053,03-01-2008,79,81
4053,04-01-2008,77,83
4053,05-01-2008,80,80
4053,06-01-2008,82,78
4053,07-01-2008,88,72
4053,08-01-2008,85,75
4053,09-01-2008,73,87
4053,10-01-2008,76,84
4053,11-01-2008,82,78
4053,12-01-2008,81,79
4053,01-01-2009,90,70
4053,02-01-2009,80,80
4053,03-01-2009,83,77
4053,04-01-2009,71,89
4053,05-01-2009,87,73
4053,06-01-2009,86,74
4053,07-01-2009,71,89
4053,08-01-2009,86,74
4053,09-01-2009,83,77
4054,01-01-2008,90,70
4054,02-01-2008,85,75
4054,03-01-2008,73,87
4054,04-01-2008,82,78
4054,05-01-2008,84,76
4054,06-01-2008,87,73
4054,07-01-2008,75,85
4054,08-01-2008,85,75
4054,09-01-2008,89,71
4054,10-01-2008,79,81
4054,11-01-2008,73,87
4054,12-01-2008,84,76
4054,01-01-2009,89,71
4054,02-01-2009,80,80
4054,03-01-2009,88,72
4054,04-01-2009,88,72
4054,05-01-2009,82,78
4054,06-01-2009,73,87
4054,07-01-2009,82,78
4054,08-01-2009,89,71
4054,09-01-2009,72,88
4055,01-01-2008,87,73
4055,02-01-2008,83,77
4055,03-01-2008,81,79
4055,04-01-2008,73,87
4055,05-01-2008,78,82
4055,06-01-2008,78,82
4055,07-01-2008,78,82
4055,08-01-2008,76,84
4055,09-01-2008,89,71
4055,10-01-2008,87,73
4055,11-01-2008,78,82
4055,12-01-2008,79,81
4055,01-01-2009,86,74
4055,02-01-2009,80,80
4055,03-01-2009,72,88
4055,04-01-2009,75,85
4055,05-01-2009,89,71
4055,06-01-2009,75,85
4055,07-01-2009,75,85
4055,08-01-2009,82,78
4055,09-01-2009,87,73
4056,01-01-2008,81,79
4056,02-01-2008,76,84
4056,03-01-2008,89,71
4056,04-01-2008,84,76
4056,05-01-2008,83,77
4056,06-01-2008,75,85
4056,07-01-2008,87,73
4056,08-01-2008,88,72
4056,09-01-2008,77,83
4056,10-01-2008,89,71
4056,11-01-2008,89,71
4056,12-01-2008,90,70
4056,01-01-2009,74,86
4056,02-01-2009,82,78
4056,03-01-2009,90,70
4056,04-01-2009,73,87
4056,05-01-2009,75,85
4056,06-01-2009,84,76
4056,07-01-2009,76,84
4056,08-01-2009,76,84
4056,09-01-2009,78,82
4057,01-01-2008,82,78
4057,02-01-2008,79,81
4057,03-01-2008,73,87
4057,04-01-2008,89,71
4057,05-01-2008,87,73
4057,06-01-2008,88,72
4057,07-01-2008,71,89
4057,08-01-2008,79,81
4057,09-01-2008,83,77
4057,10-01-2008,74,86
4057,11-01-2008,87,73
4057,12-01-2008,89,71
4057,01-01-2009,85,75
4057,02-01-2009,81,79
4057,03-01-2009,77,83
4057,04-01-2009,80,80
4057,05-01-2009,82,78
4057,06-01-2009,75,85
4057,07-01-2009,82,78
4057,08-01-2009,84,76
4057,09-01-2009,86,74
4058,01-01-2008,78,82
4058,02-01-2008,89,71
4058,03-01-2008,83,77
4058,04-01-2008,74,86
4058,05-01-2008,72,88
4058,06-01-2008,81,79
4058,07-01-2008,72,88
4058,08-01-2008,84,76
4058,09-01-2008,86,74
4058,10-01-2008,72,88
4058,11-01-2008,83,77
4058,12-01-2008,71,89
4058,01-01-2009,81,79
4058,02-01-2009,71,89
4058,03-01-2009,79,81
4058,04-01-2009,75,85
4058,05-01-2009,72,88
4058,06-01-2009,79,81
4058,07-01-2009,76,84
4058,08-01-2009,85,75
4058,09-01-2009,75,85
4059,01-01-2008,83,77
4059,02-01-2008,85,75
4059,03-01-2008,80,80
4059,04-01-2008,74,86
4059,05-01-2008,81,79
4059,06-01-2008,82,78
4059,07-01-2008,77,83
4059,08-01-2008,75,85
4059,09-01-2008,90,70
4059,10-01-2008,88,72
4059,11-01-2008,82,78
4059,12-01-2008,80,80
4059,01-01-2009,81,79
4059,02-01-2009,79,81
4059,03-01-2009,73,87
4059,04-01-2009,87,73
4059,05-01-2009,76,84
4059,06-01-2009,75,85
4059,07-01-2009,88,72
4059,08-01-2009,82,78
4059,09-01-2009,76,84
4060,01-01-2008,74,86
4060,02-01-2008,88,72
4060,03-01-2008,72,88
4060,04-01-2008,86,74
4060,05-01-2008,84,76
4060,06-01-2008,90,70
4060,07-01-2008,74,86
4060,08-01-2008,75,85
4060,09-01-2008,84,76
4060,10-01-2008,82,78
4060,11-01-2008,78,82
4060,12-01-2008,79,81
4060,01-01-2009,79,81
4060,02-01-2009,81,79
4060,03-01-2009,85,75
4060,04-01-2009,76,84
4060,05-01-2009,81,79
4060,06-01-2009,74,86
4060,07-01-2009,82,78
4060,08-01-2009,84,76
4060,09-01-2009,75,85
4061,01-01-2008,89,71
4061,02-01-2008,89,71
4061,03-01-2008,82,78
4061,04-01-2008,87,73
4061,05-01-2008,71,89
4061,06-01-2008,79,81
4061,07-01-2008,79,81
4061,08-01-2008,79,81
4061,09-01-2008,81,79
4061,10-01-2008,78,82
4061,11-01-2008,75,85
4061,12-01-2008,85,75
4061,01-01-2009,78,82
4061,02-01-2009,90,70
4061,03-01-2009,80,80
4061,04-01-2009,79,81
4061,05-01-2009,79,81
4061,06-01-2009,77,83
4061,07-01-2009,78,82
4061,08-01-2009,80,80
4061,09-01-2009,82,78
4062,01-01-2008,89,71
4062,02-01-2008,82,78
4062,03-01-2008,75,85
4062,04-01-2008,78,82
4062,05-01-2008,83,77
4062,06-01-2008,87,73
4062,07-01-2008,84,76
4062,08-01-2008,80,80
4062,09-01-2008,72,88
4062,10-01-2008,79,81
4062,11-01-2008,76,84
4062,12-01-2008,78,82
4062,01-01-2009,75,85
4062,02-01-2009,84,76
4062,03-01-2009,76,84
4062,04-01-2009,88,72
4062,05-01-2009,82,78
4062,06-01-2009,72,88
4062,07-01-2009,73,87
4062,08-01-2009,89,71
4062,09-01-2009,89,71
4063,01-01-2008,87,73
4063,02-01-2008,83,77
4063,03-01-2008,79,81
4063,04-01-2008,72,88
4063,05-01-2008,73,87
4063,06-01-2008,77,83
4063,07-01-2008,89,71
4063,08-01-2008,88,72
4063,09-01-2008,87,73
4063,10-01-2008,75,85
4063,11-01-2008,72,88
4063,12-01-2008,84,76
4063,01-01-2009,72,88
4063,02-01-2009,73,87
4063,03-01-2009,83,77
4063,04-01-2009,75,85
4063,05-01-2009,82,78
4063,06-01-2009,79,81
4063,07-01-2009,88,72
4063,08-01-2009,89,71
4063,09-01-2009,73,87
4064,01-01-2008,84,76
4064,02-01-2008,85,75
4064,03-01-2008,90,70
4064,04-01-2008,89,71
4064,05-01-2008,79,81
4064,06-01-2008,78,82
4064,07-01-2008,81,79
4064,08-01-2008,90,70
4064,09-01-2008,83,77
4064,10-01-2008,76,84
4064,11-01-2008,78,82
4064,12-01-2008,72,88
4064,01-01-2009,87,73
4064,02-01-2009,73,87
4064,03-01-2009,77,83
4064,04-01-2009,84,76
4064,05-01-2009,83,77
4064,06-01-2009,82,78
4064,07-01-2009,79,81
4064,08-01-2009,74,86
4064,09-01-2009,90,70
4065,01-01-2008,85,75
4065,02-01-2008,75,85
4065,03-01-2008,76,84
4065,04-01-2008,89,71
4065,05-01-2008,71,89
4065,06-01-2008,82,78
4065,07-01-2008,80,80
4065,08-01-2008,82,78
4065,09-01-2008,73,87
4065,10-01-2008,76,84
4065,11-01-2008,83,77
4065,12-01-2008,86,74
4065,01-01-2009,85,75
4065,02-01-2009,87,73
4065,03-01-2009,80,80
4065,04-01-2009,88,72
4065,05-01-2009,72,88
4065,06-01-2009,71,89
4065,07-01-2009,85,75
4065,08-01-2009,80,80
4065,09-01-2009,71,89
4066,01-01-2008,80,80
4066,02-01-2008,76,84
4066,03-01-2008,78,82
4066,04-01-2008,83,77
4066,05-01-2008,86,74
4066,06-01-2008,89,71
4066,07-01-2008,81,79
4066,08-01-2008,83,77
4066,09-01-2008,89,71
4066,10-01-2008,89,71
4066,11-01-2008,78,82
4066,12-01-2008,84,76
4066,01-01-2009,89,71
4066,02-01-2009,86,74
4066,03-01-2009,75,85
4066,04-01-2009,86,74
4066,05-01-2009,72,88
4066,06-01-2009,86,74
4066,07-01-2009,77,83
4066,08-01-2009,72,88
4066,09-01-2009,85,75
4067,01-01-2008,78,82
4067,02-01-2008,79,81
4067,03-01-2008,80,80
4067,04-01-2008,86,74
4067,05-01-2008,90,70
4067,06-01-2008,90,70
4067,07-01-2008,71,89
4067,08-01-2008,79,81
4067,09-01-2008,71,89
4067,10-01-2008,80,80
4067,11-01-2008,85,75
4067,12-01-2008,84,76
4067,01-01-2009,73,87
4067,02-01-2009,78,82
4067,03-01-2009,72,88
4067,04-01-2009,72,88
4067,05-01-2009,80,80
4067,06-01-2009,86,74
4067,07-01-2009,79,81
4067,08-01-2009,83,77
4067,09-01-2009,90,70
4068,01-01-2008,77,83
4068,02-01-2008,86,74
4068,03-01-2008,82,78
4068,04-01-2008,80,80
4068,05-01-2008,72,88
4068,06-01-2008,74,86
4068,07-01-2008,72,88
4068,08-01-2008,89,71
4068,09-01-2008,76,84
4068,10-01-2008,83,77
4068,11-01-2008,90,70
4068,12-01-2008,86,74
4068,01-01-2009,82,78
4068,02-01-2009,73,87
4068,03-01-2009,84,76
4068,04-01-2009,85,75
4068,05-01-2009,83,77
4068,06-01-2009,81,79
4068,07-01-2009,78,82
4068,08-01-2009,83,77
4068,09-01-2009,80,80
4069,01-01-2008,80,80
4069,02-01-2008,74,86
4069,03-01-2008,89,71
4069,04-01-2008,83,77
4069,05-01-2008,82,78
4069,06-01-2008,89,71
4069,07-01-2008,84,76
4069,08-01-2008,86,74
4069,09-01-2008,75,85
4069,10-01-2008,78,82
4069,11-01-2008,81,79
4069,12-01-2008,76,84
4069,01-01-2009,85,75
4069,02-01-2009,72,88
4069,03-01-2009,79,81
4069,04-01-2009,78,82
4069,05-01-2009,83,77
4069,06-01-2009,74,86
4069,07-01-2009,90,70
4069,08-01-2009,75,85
4069,09-01-2009,89,71
4070,01-01-2008,86,74
4070,02-01-2008,84,76
4070,03-01-2008,71,89
4070,04-01-2008,84,76
4070,05-01-2008,90,70
4070,06-01-2008,81,79
4070,07-01-2008,74,86
4070,08-01-2008,71,89
4070,09-01-2008,87,73
4070,10-01-2008,71,89
4070,11-01-2008,81,79
4070,12-01-2008,84,76
4070,01-01-2009,87,73
4070,02-01-2009,75,85
4070,03-01-2009,87,73
4070,04-01-2009,76,84
4070,05-01-2009,86,74
4070,06-01-2009,88,72
4070,07-01-2009,73,87
4070,08-01-2009,71,89
4070,09-01-2009,88,72
4071,01-01-2008,71,89
4071,02-01-2008,76,84
4071,03-01-2008,81,79
4071,04-01-2008,89,71
4071,05-01-2008,79,81
4071,06-01-2008,89,71
4071,07-01-2008,79,81
4071,08-01-2008,75,85
4071,09-01-2008,73,87
4071,10-01-2008,84,76
4071,11-01-2008,86,74
4071,12-01-2008,78,82
4071,01-01-2009,83,77
4071,02-01-2009,73,87
4071,03-01-2009,79,81
4071,04-01-2009,85,75
4071,05-01-2009,75,85
4071,06-01-2009,88,72
4071,07-01-2009,81,79
4071,08-01-2009,90,70
4071,09-01-2009,86,74
4072,01-01-2008,86,74
4072,02-01-2008,80,80
4072,03-01-2008,76,84
4072,04-01-2008,74,86
4072,05-01-2008,84,76
4072,06-01-2008,83,77
4072,07-01-2008,90,70
4072,08-01-2008,76,84
4072,09-01-2008,73,87
4072,10-01-2008,87,73
4072,11-01-2008,80,80
4072,12-01-2008,90,70
4072,01-01-2009,83,77
4072,02-01-2009,77,83
4072,03-01-2009,90,70
4072,04-01-2009,78,82
4072,05-01-2009,89,71
4072,06-01-2009,77,83
4072,07-01-2009,81,79
4072,08-01-2009,77,83
4072,09-01-2009,71,89
4073,01-01-2008,80,80
4073,02-01-2008,89,71
4073,03-01-2008,89,71
4073,04-01-2008,81,79
4073,05-01-2008,82,78
4073,06-01-2008,90,70
4073,07-01-2008,84,76
4073,08-01-2008,85,75
4073,09-01-2008,71,89
4073,10-01-2008,90,70
4073,11-01-2008,84,76
4073,12-01-2008,87,73
4073,01-01-2009,82,78
4073,02-01-2009,82,78
4073,03-01-2009,75,85
4073,04-01-2009,86,74
4073,05-01-2009,75,85
4073,06-01-2009,77,83
4073,07-01-2009,89,71
4073,08-01-2009,79,81
4073,09-01-2009,85,75
4074,01-01-2008,72,88
4074,02-01-2008,71,89
4074,03-01-2008,88,72
4074,04-01-2008,73,87
4074,05-01-2008,73,87
4074,06-01-2008,89,71
4074,07-01-2008,78,82
4074,08-01-2008,87,73
4074,09-01-2008,81,79
4074,10-01-2008,78,82
4074,11-01-2008,85,75
4074,12-01-2008,74,86
4074,01-01-2009,73,87
4074,02-01-2009,89,71
4074,03-01-2009,73,87
4074,04-01-2009,72,88
4074,05-01-2009,72,88
4074,06-01-2009,75,85
4074,07-01-2009,73,87
4074,08-01-2009,80,80
4074,09-01-2009,71,89
4075,01-01-2008,72,88
4075,02-01-2008,86,74
4075,03-01-2008,86,74
4075,04-01-2008,72,88
4075,05-01-2008,75,85
4075,06-01-2008,75,85
4075,07-01-2008,80,80
4075,08-01-2008,74,86
4075,09-01-2008,75,85
4075,10-01-2008,76,84
4075,11-01-2008,80,80
4075,12-01-2008,74,86
4075,01-01-2009,73,87
4075,02-01-2009,72,88
4075,03-01-2009,79,81
4075,04-01-2009,76,84
4075,05-01-2009,80,80
4075,06-01-2009,79,81
4075,07-01-2009,86,74
4075,08-01-2009,85,75
4075,09-01-2009,86,74
4076,01-01-2008,85,75
4076,02-01-2008,76,84
4076,03-01-2008,81,79
4076,04-01-2008,87,73
4076,05-01-2008,84,76
4076,06-01-2008,84,76
4076,07-01-2008,78,82
4076,08-01-2008,74,86
4076,09-01-2008,74,86
4076,10-01-2008,73,87
4076,11-01-2008,85,75
4076,12-01-2008,72,88
4076,01-01-2009,75,85
4076,02-01-2009,89,71
4076,03-01-2009,80,80
4076,04-01-2009,86,74
4076,05-01-2009,75,85
4076,06-01-2009,82,78
4076,07-01-2009,88,72
4076,08-01-2009,89,71
4076,09-01-2009,79,81
4077,01-01-2008,78,82
4077,02-01-2008,86,74
4077,03-01-2008,77,83
4077,04-01-2008,81,79
4077,05-01-2008,89,71
4077,06-01-2008,76,84
4077,07-01-2008,79,81
4077,08-01-2008,82,78
4077,09-01-2008,71,89
4077,10-01-2008,77,83
4077,11-01-2008,71,89
4077,12-01-2008,88,72
4077,01-01-2009,87,73
4077,02-01-2009,78,82
4077,03-01-2009,72,88
4077,04-01-2009,83,77
4077,05-01-2009,85,75
4077,06-01-2009,74,86
4077,07-01-2009,89,71
4077,08-01-2009,89,71
4077,09-01-2009,81,79
4078,01-01-2008,87,73
4078,02-01-2008,71,89
4078,03-01-2008,83,77
4078,04-01-2008,86,74
4078,05-01-2008,72,88
4078,06-01-2008,89,71
4078,07-01-2008,89,71
4078,08-01-2008,88,72
4078,09-01-2008,84,76
4078,10-01-2008,83,77
4078,11-01-2008,80,80
4078,12-01-2008,84,76
4078,01-01-2009,77,83
4078,02-01-2009,73,87
4078,03-01-2009,76,84
4078,04-01-2009,80,80
4078,05-01-2009,89,71
4078,06-01-2009,84,76
4078,07-01-2009,83,77
4078,08-01-2009,84,76
4078,09-01-2009,90,70
4079,01-01-2008,77,83
4079,02-01-2008,86,74
4079,03-01-2008,83,77
4079,04-01-2008,89,71
4079,05-01-2008,88,72
4079,06-01-2008,86,74
4079,07-01-2008,76,84
4079,08-01-2008,87,73
4079,09-01-2008,78,82
4079,10-01-2008,76,84
4079,11-01-2008,74,86
4079,12-01-2008,78,82
4079,01-01-2009,88,72
4079,02-01-2009,77,83
4079,03-01-2009,86,74
4079,04-01-2009,86,74
4079,05-01-2009,77,83
4079,06-01-2009,72,88
4079,07-01-2009,82,78
4079,08-01-2009,81,79
4079,09-01-2009,72,88
4080,01-01-2008,82,78
4080,02-01-2008,86,74
4080,03-01-2008,86,74
4080,04-01-2008,87,73
4080,05-01-2008,79,81
4080,06-01-2008,73,87
4080,07-01-2008,88,72
4080,08-01-2008,80,80
4080,09-01-2008,82,78
4080,10-01-2008,71,89
4080,11-01-2008,80,80
4080,12-01-2008,72,88
4080,01-01-2009,72,88
4080,02-01-2009,72,88
4080,03-01-2009,80,80
4080,04-01-2009,87,73
4080,05-01-2009,88,72
4080,06-01-2009,73,87
4080,07-01-2009,75,85
4080,08-01-2009,81,79
4080,09-01-2009,72,88
4081,01-01-2008,75,85
4081,02-01-2008,76,84
4081,03-01-2008,73,87
4081,04-01-2008,81,79
4081,05-01-2008,90,70
4081,06-01-2008,75,85
4081,07-01-2008,90,70
4081,08-01-2008,79,81
4081,09-01-2008,80,80
4081,10-01-2008,82,78
4081,11-01-2008,72,88
4081,12-01-2008,73,87
4081,01-01-2009,73,87
4081,02-01-2009,75,85
4081,03-01-2009,71,89
4081,04-01-2009,89,71
4081,05-01-2009,89,71
4081,06-01-2009,80,80
4081,07-01-2009,86,74
4081,08-01-2009,88,72
4081,09-01-2009,71,89
4082,01-01-2008,75,85
4082,02-01-2008,77,83
4082,03-01-2008,89,71
4082,04-01-2008,90,70
4082,05-01-2008,85,75
4082,06-01-2008,71,89
4082,07-01-2008,90,70
4082,08-01-2008,90,70
4082,09-01-2008,88,72
4082,10-01-2008,87,73
4082,11-01-2008,84,76
4082,12-01-2008,75,85
4082,01-01-2009,72,88
4082,02-01-2009,80,80
4082,03-01-2009,79,81
4082,04-01-2009,85,75
4082,05-01-2009,84,76
4082,06-01-2009,87,73
4082,07-01-2009,89,71
4082,08-01-2009,88,72
4082,09-01-2009,88,72
4083,01-01-2008,78,82
4083,02-01-2008,82,78
4083,03-01-2008,71,89
4083,04-01-2008,79,81
4083,05-01-2008,88,72
4083,06-01-2008,77,83
4083,07-01-2008,76,84
4083,08-01-2008,77,83
4083,09-01-2008,84,76
4083,10-01-2008,79,81
4083,11-01-2008,78,82
4083,12-01-2008,84,76
4083,01-01-2009,76,84
4083,02-01-2009,90,70
4083,03-01-2009,74,86
4083,04-01-2009,80,80
4083,05-01-2009,81,79
4083,06-01-2009,78,82
4083,07-01-2009,90,70
4083,08-01-2009,80,80
4083,09-01-2009,76,84
4084,01-01-2008,78,82
4084,02-01-2008,79,81
4084,03-01-2008,71,89
4084,04-01-2008,81,79
4084,05-01-2008,88,72
4084,06-01-2008,77,83
4084,07-01-2008,83,77
4084,08-01-2008,83,77
4084,09-01-2008,76,84
4084,10-01-2008,80,80
4084,11-01-2008,87,73
4084,12-01-2008,83,77
4084,01-01-2009,86,74
4084,02-01-2009,82,78
4084,03-01-2009,87,73
4084,04-01-2009,75,85
4084,05-01-2009,74,86
4084,06-01-2009,80,80
4084,07-01-2009,89,71
4084,08-01-2009,89,71
4084,09-01-2009,77,83
4085,01-01-2008,87,73
4085,02-01-2008,76,84
4085,03-01-2008,84,76
4085,04-01-2008,74,86
4085,05-01-2008,85,75
4085,06-01-2008,75,85
4085,07-01-2008,81,79
4085,08-01-2008,71,89
4085,09-01-2008,71,89
4085,10-01-2008,90,70
4085,11-01-2008,72,88
4085,12-01-2008,85,75
4085,01-01-2009,79,81
4085,02-01-2009,88,72
4085,03-01-2009,87,73
4085,04-01-2009,82,78
4085,05-01-2009,74,86
4085,06-01-2009,81,79
4085,07-01-2009,89,71
4085,08-01-2009,74,86
4085,09-01-2009,71,89
4086,01-01-2008,76,84
4086,02-01-2008,82,78
4086,03-01-2008,75,85
4086,04-01-2008,72,88
4086,05-01-2008,88,72
4086,06-01-2008,90,70
4086,07-01-2008,82,78
4086,08-01-2008,73,87
4086,09-01-2008,79,81
4086,10-01-2008,74,86
4086,11-01-2008,78,82
4086,12-01-2008,74,86
4086,01-01-2009,81,79
4086,02-01-2009,80,80
4086,03-01-2009,86,74
4086,04-01-2009,74,86
4086,05-01-2009,89,71
4086,06-01-2009,87,73
4086,07-01-2009,82,78
4086,08-01-2009,72,88
4086,09-01-2009,82,78
4087,01-01-2008,78,82
4087,02-01-2008,81,79
4087,03-01-2008,86,74
4087,04-01-2008,71,89
4087,05-01-2008,86,74
4087,06-01-2008,85,75
4087,07-01-2008,73,87
4087,08-01-2008,83,77
4087,09-01-2008,87,73
4087,10-01-2008,76,84
4087,11-01-2008,84,76
4087,12-01-2008,86,74
4087,01-01-2009,71,89
4087,02-01-2009,81,79
4087,03-01-2009,78,82
4087,04-01-2009,81,79
4087,05-01-2009,74,86
4087,06-01-2009,77,83
4087,07-01-2009,72,88
4087,08-01-2009,84,76
4087,09-01-2009,83,77
4088,01-01-2008,72,88
4088,02-01-2008,79,81
4088,03-01-2008,75,85
4088,04-01-2008,88,72
4088,05-01-2008,80,80
4088,06-01-2008,79,81
4088,07-01-2008,82,78
4088,08-01-2008,72,88
4088,09-01-2008,78,82
4088,10-01-2008,73,87
4088,11-01-2008,81,79
4088,12-01-2008,83,77
4088,01-01-2009,76,84
4088,02-01-2009,79,81
4088,03-01-2009,71,89
4088,04-01-2009,76,84
4088,05-01-2009,72,88
4088,06-01-2009,78,82
4088,07-01-2009,78,82
4088,08-01-2009,73,87
4088,09-01-2009,80,80
4089,01-01-2008,90,70
4089,02-01-2008,85,75
4089,03-01-2008,83,77
4089,04-01-2008,85,75
4089,05-01-2008,78,82
4089,06-01-2008,75,85
4089,07-01-2008,87,73
4089,08-01-2008,82,78
4089,09-01-2008,73,87
4089,10-01-2008,71,89
4089,11-01-2008,80,80
4089,12-01-2008,88,72
4089,01-01-2009,71,89
4089,02-01-2009,84,76
4089,03-01-2009,90,70
4089,04-01-2009,73,87
4089,05-01-2009,80,80
4089,06-01-2009,78,82
4089,07-01-2009,77,83
4089,08-01-2009,76,84
4089,09-01-2009,77,83
4090,01-01-2008,80,80
4090,02-01-2008,85,75
4090,03-01-2008,75,85
4090,04-01-2008,87,73
4090,05-01-2008,77,83
4090,06-01-2008,84,76
4090,07-01-2008,85,75
4090,08-01-2008,85,75
4090,09-01-2008,71,89
4090,10-01-2008,77,83
4090,11-01-2008,77,83
4090,12-01-2008,85,75
4090,01-01-2009,79,81
4090,02-01-2009,71,89
4090,03-01-2009,84,76
4090,04-01-2009,72,88
4090,05-01-2009,73,87
4090,06-01-2009,77,83
4090,07-01-2009,71,89
4090,08-01-2009,89,71
4090,09-01-2009,71,89
4091,01-01-2008,77,83
4091,02-01-2008,72,88
4091,03-01-2008,90,70
4091,04-01-2008,83,77
4091,05-01-2008,84,76
4091,06-01-2008,74,86
4091,07-01-2008,77,83
4091,08-01-2008,86,74
4091,09-01-2008,86,74
4091,10-01-2008,79,81
4091,11-01-2008,79,81
4091,12-01-2008,83,77
4091,01-01-2009,74,86
4091,02-01-2009,88,72
4091,03-01-2009,75,85
4091,04-01-2009,72,88
4091,05-01-2009,80,80
4091,06-01-2009,73,87
4091,07-01-2009,74,86
4091,08-01-2009,85,75
4091,09-01-2009,82,78
4092,01-01-2008,87,73
4092,02-01-2008,81,79
4092,03-01-2008,82,78
4092,04-01-2008,79,81
4092,05-01-2008,77,83
4092,06-01-2008,82,78
4092,07-01-2008,86,74
4092,08-01-2008,78,82
4092,09-01-2008,82,78
4092,10-01-2008,79,81
4092,11-01-2008,76,84
4092,12-01-2008,90,70
4092,01-01-2009,87,73
4092,02-01-2009,89,71
4092,03-01-2009,75,85
4092,04-01-2009,78,82
4092,05-01-2009,79,81
4092,06-01-2009,79,81
4092,07-01-2009,82,78
4092,08-01-2009,90,70
4092,09-01-2009,74,86
4093,01-01-2008,71,89
4093,02-01-2008,82,78
4093,03-01-2008,74,86
4093,04-01-2008,90,70
4093,05-01-2008,84,76
4093,06-01-2008,82,78
4093,07-01-2008,82,78
4093,08-01-2008,83,77
4093,09-01-2008,83,77
4093,10-01-2008,88,72
4093,11-01-2008,83,77
4093,12-01-2008,90,70
4093,01-01-2009,89,71
4093,02-01-2009,75,85
4093,03-01-2009,77,83
4093,04-01-2009,77,83
4093,05-01-2009,89,71
4093,06-01-2009,76,84
4093,07-01-2009,79,81
4093,08-01-2009,88,72
4093,09-01-2009,71,89
4094,01-01-2008,85,75
4094,02-01-2008,79,81
4094,03-01-2008,77,83
4094,04-01-2008,72,88
4094,05-01-2008,71,89
4094,06-01-2008,72,88
4094,07-01-2008,89,71
4094,08-01-2008,88,72
4094,09-01-2008,83,77
4094,10-01-2008,85,75
4094,11-01-2008,77,83
4094,12-01-2008,75,85
4094,01-01-2009,84,76
4094,02-01-2009,83,77
4094,03-01-2009,90,70
4094,04-01-2009,74,86
4094,05-01-2009,84,76
4094,06-01-2009,73,87
4094,07-01-2009,78,82
4094,08-01-2009,77,83
4094,09-01-2009,75,85
4095,01-01-2008,79,81
4095,02-01-2008,77,83
4095,03-01-2008,75,85
4095,04-01-2008,89,71
4095,05-01-2008,73,87
4095,06-01-2008,86,74
4095,07-01-2008,77,83
4095,08-01-2008,74,86
4095,09-01-2008,72,88
4095,10-01-2008,79,81
4095,11-01-2008,71,89
4095,12-01-2008,89,71
4095,01-01-2009,80,80
4095,02-01-2009,74,86
4095,03-01-2009,83,77
4095,04-01-2009,78,82
4095,05-01-2009,72,88
4095,06-01-2009,74,86
4095,07-01-2009,78,82
4095,08-01-2009,85,75
4095,09-01-2009,71,89
4096,01-01-2008,76,84
4096,02-01-2008,74,86
4096,03-01-2008,86,74
4096,04-01-2008,76,84
4096,05-01-2008,83,77
4096,06-01-2008,80,80
4096,07-01-2008,74,86
4096,08-01-2008,87,73
4096,09-01-2008,84,76
4096,10-01-2008,89,71
4096,11-01-2008,77,83
4096,12-01-2008,78,82
4096,01-01-2009,83,77
4096,02-01-2009,76,84
4096,03-01-2009,84,76
4096,04-01-2009,76,84
4096,05-01-2009,86,74
4096,06-01-2009,78,82
4096,07-01-2009,86,74
4096,08-01-2009,77,83
4096,09-01-2009,85,75
4097,01-01-2008,87,73
4097,02-01-2008,89,71
4097,03-01-2008,76,84
4097,04-01-2008,78,82
4097,05-01-2008,87,73
4097,06-01-2008,74,86
4097,07-01-2008,75,85
4097,08-01-2008,71,89
4097,09-01-2008,90,70
4097,10-01-2008,71,89
4097,11-01-2008,86,74
4097,12-01-2008,75,85
4097,01-01-2009,72,88
4097,02-01-2009,83,77
4097,03-01-2009,71,89
4097,04-01-2009,79,81
4097,05-01-2009,79,81
4097,06-01-2009,81,79
4097,07-01-2009,73,87
4097,08-01-2009,89,71
4097,09-01-2009,73,87
4098,01-01-2008,84,76
4098,02-01-2008,84,76
4098,03-01-2008,77,83
4098,04-01-2008,83,77
4098,05-01-2008,75,85
4098,06-01-2008,73,87
4098,07-01-2008,87,73
4098,08-01-2008,74,86
4098,09-01-2008,74,86
4098,10-01-2008,85,75
4098,11-01-2008,83,77
4098,12-01-2008,76,84
4098,01-01-2009,78,82
4098,02-01-2009,72,88
4098,03-01-2009,75,85
4098,04-01-2009,76,84
4098,05-01-2009,75,85
4098,06-01-2009,74,86
4098,07-01-2009,79,81
4098,08-01-2009,72,88
4098,09-01-2009,77,83
4099,01-01-2008,86,74
4099,02-01-2008,78,82
4099,03-01-2008,83,77
4099,04-01-2008,73,87
4099,05-01-2008,83,77
4099,06-01-2008,89,71
4099,07-01-2008,85,75
4099,08-01-2008,81,79
4099,09-01-2008,87,73
4099,10-01-2008,77,83
4099,11-01-2008,82,78
4099,12-01-2008,84,76
4099,01-01-2009,86,74
4099,02-01-2009,86,74
4099,03-01-2009,87,73
4099,04-01-2009,73,87
4099,05-01-2009,75,85
4099,06-01-2009,87,73
4099,07-01-2009,78,82
4099,08-01-2009,85,75
4099,09-01-2009,71,89
4000,10-01-2009,86,74
4000,11-01-2009,78,82
4000,12-01-2009,80,80
4000,01-01-2010,86,74
4000,02-01-2010,72,88
4000,03-01-2010,79,81
4000,04-01-2010,84,76
4000,05-01-2010,78,82
4000,06-01-2010,80,80
4000,07-01-2010,85,75
4000,08-01-2010,86,74
4000,09-01-2010,86,74
4000,10-01-2010,71,89
4001,10-01-2009,79,81
4001,11-01-2009,79,81
4001,12-01-2009,82,78
4001,01-01-2010,77,83
4001,02-01-2010,90,70
4001,03-01-2010,73,87
4001,04-01-2010,75,85
4001,05-01-2010,80,80
4001,06-01-2010,85,75
4001,07-01-2010,89,71
4001,08-01-2010,80,80
4001,09-01-2010,74,86
4001,10-01-2010,78,82
4002,10-01-2009,88,72
4002,11-01-2009,73,87
4002,12-01-2009,90,70
4002,01-01-2010,87,73
4002,02-01-2010,80,80
4002,03-01-2010,73,87
4002,04-01-2010,80,80
4002,05-01-2010,73,87
4002,06-01-2010,73,87
4002,07-01-2010,84,76
4002,08-01-2010,87,73
4002,09-01-2010,82,78
4002,10-01-2010,83,77
4003,10-01-2009,82,78
4003,11-01-2009,82,78
4003,12-01-2009,82,78
4003,01-01-2010,76,84
4003,02-01-2010,78,82
4003,03-01-2010,90,70
4003,04-01-2010,73,87
4003,05-01-2010,82,78
4003,06-01-2010,81,79
4003,07-01-2010,87,73
4003,08-01-2010,79,81
4003,09-01-2010,78,82
4003,10-01-2010,76,84
4004,10-01-2009,78,82
4004,11-01-2009,90,70
4004,12-01-2009,82,78
4004,01-01-2010,85,75
4004,02-01-2010,77,83
4004,03-01-2010,72,88
4004,04-01-2010,74,86
4004,05-01-2010,71,89
4004,06-01-2010,80,80
4004,07-01-2010,82,78
4004,08-01-2010,87,73
4004,09-01-2010,74,86
4004,10-01-2010,83,77
4005,10-01-2009,86,74
4005,11-01-2009,76,84
4005,12-01-2009,74,86
4005,01-01-2010,80,80
4005,02-01-2010,78,82
4005,03-01-2010,86,74
4005,04-01-2010,89,71
4005,05-01-2010,80,80
4005,06-01-2010,75,85
4005,07-01-2010,77,83
4005,08-01-2010,88,72
4005,09-01-2010,73,87
4005,10-01-2010,86,74
4006,10-01-2009,83,77
4006,11-01-2009,86,74
4006,12-01-2009,87,73
4006,01-01-2010,71,89
4006,02-01-2010,84,76
4006,03-01-2010,84,76
4006,04-01-2010,78,82
4006,05-01-2010,76,84
4006,06-01-2010,87,73
4006,07-01-2010,90,70
4006,08-01-2010,77,83
4006,09-01-2010,78,82
4006,10-01-2010,78,82
4007,10-01-2009,90,70
4007,11-01-2009,84,76
4007,12-01-2009,80,80
4007,01-01-2010,88,72
4007,02-01-2010,83,77
4007,03-01-2010,90,70
4007,04-01-2010,82,78
4007,05-01-2010,84,76
4007,06-01-2010,73,87
4007,07-01-2010,75,85
4007,08-01-2010,86,74
4007,09-01-2010,72,88
4007,10-01-2010,78,82
4008,10-01-2009,77,83
4008,11-01-2009,87,73
4008,12-01-2009,82,78
4008,01-01-2010,82,78
4008,02-01-2010,89,71
4008,03-01-2010,77,83
4008,04-01-2010,83,77
4008,05-01-2010,79,81
4008,06-01-2010,85,75
4008,07-01-2010,90,70
4008,08-01-2010,83,77
4008,09-01-2010,86,74
4008,10-01-2010,77,83
4009,10-01-2009,85,75
4009,11-01-2009,85,75
4009,12-01-2009,76,84
4009,01-01-2010,90,70
4009,02-01-2010,86,74
4009,03-01-2010,73,87
4009,04-01-2010,85,75
4009,05-01-2010,76,84
4009,06-01-2010,85,75
4009,07-01-2010,86,74
4009,08-01-2010,74,86
4009,09-01-2010,89,71
4009,10-01-2010,71,89
4010,10-01-2009,80,80
4010,11-01-2009,85,75
4010,12-01-2009,88,72
4010,01-01-2010,73,87
4010,02-01-2010,82,78
4010,03-01-2010,86,74
4010,04-01-2010,78,82
4010,05-01-2010,73,87
4010,06-01-2010,74,86
4010,07-01-2010,89,71
4010,08-01-2010,79,81
4010,09-01-2010,79,81
4010,10-01-2010,89,71
4011,10-01-2009,86,74
4011,11-01-2009,86,74
4011,12-01-2009,80,80
4011,01-01-2010,88,72
4011,02-01-2010,74,86
4011,03-01-2010,71,89
4011,04-01-2010,88,72
4011,05-01-2010,77,83
4011,06-01-2010,78,82
4011,07-01-2010,88,72
4011,08-01-2010,83,77
4011,09-01-2010,83,77
4011,10-01-2010,82,78
4012,10-01-2009,84,76
4012,11-01-2009,78,82
4012,12-01-2009,90,70
4012,01-01-2010,78,82
4012,02-01-2010,83,77
4012,03-01-2010,73,87
4012,04-01-2010,88,72
4012,05-01-2010,76,84
4012,06-01-2010,88,72
4012,07-01-2010,76,84
4012,08-01-2010,73,87
4012,09-01-2010,85,75
4012,10-01-2010,72,88
4013,10-01-2009,87,73
4013,11-01-2009,83,77
4013,12-01-2009,77,83
4013,01-01-2010,84,76
4013,02-01-2010,79,81
4013,03-01-2010,76,84
4013,04-01-2010,86,74
4013,05-01-2010,80,80
4013,06-01-2010,73,87
4013,07-01-2010,73,87
4013,08-01-2010,81,79
4013,09-01-2010,78,82
4013,10-01-2010,86,74
4014,10-01-2009,78,82
4014,11-01-2009,83,77
4014,12-01-2009,87,73
4014,01-01-2010,86,74
4014,02-01-2010,86,74
4014,03-01-2010,75,85
4014,04-01-2010,83,77
4014,05-01-2010,78,82
4014,06-01-2010,89,71
4014,07-01-2010,83,77
4014,08-01-2010,81,79
4014,09-01-2010,80,80
4014,10-01-2010,77,83
4015,10-01-2009,77,83
4015,11-01-2009,87,73
4015,12-01-2009,71,89
4015,01-01-2010,85,75
4015,02-01-2010,88,72
4015,03-01-2010,77,83
4015,04-01-2010,80,80
4015,05-01-2010,83,77
4015,06-01-2010,73,87
4015,07-01-2010,76,84
4015,08-01-2010,86,74
4015,09-01-2010,81,79
4015,10-01-2010,80,80
4016,10-01-2009,83,77
4016,11-01-2009,77,83
4016,12-01-2009,71,89
4016,01-01-2010,84,76
4016,02-01-2010,76,84
4016,03-01-2010,76,84
4016,04-01-2010,85,75
4016,05-01-2010,75,85
4016,06-01-2010,88,72
4016,07-01-2010,83,77
4016,08-01-2010,84,76
4016,09-01-2010,75,85
4016,10-01-2010,90,70
4017,10-01-2009,78,82
4017,11-01-2009,85,75
4017,12-01-2009,84,76
4017,01-01-2010,81,79
4017,02-01-2010,87,73
4017,03-01-2010,89,71
4017,04-01-2010,76,84
4017,05-01-2010,71,89
4017,06-01-2010,85,75
4017,07-01-2010,87,73
4017,08-01-2010,78,82
4017,09-01-2010,87,73
4017,10-01-2010,80,80
4018,10-01-2009,89,71
4018,11-01-2009,89,71
4018,12-01-2009,88,72
4018,01-01-2010,79,81
4018,02-01-2010,73,87
4018,03-01-2010,79,81
4018,04-01-2010,86,74
4018,05-01-2010,89,71
4018,06-01-2010,82,78
4018,07-01-2010,87,73
4018,08-01-2010,89,71
4018,09-01-2010,90,70
4018,10-01-2010,83,77
4019,10-01-2009,90,70
4019,11-01-2009,84,76
4019,12-01-2009,78,82
4019,01-01-2010,76,84
4019,02-01-2010,84,76
4019,03-01-2010,85,75
4019,04-01-2010,71,89
4019,05-01-2010,77,83
4019,06-01-2010,75,85
4019,07-01-2010,79,81
4019,08-01-2010,88,72
4019,09-01-2010,84,76
4019,10-01-2010,80,80
4020,10-01-2009,89,71
4020,11-01-2009,80,80
4020,12-01-2009,87,73
4020,01-01-2010,76,84
4020,02-01-2010,71,89
4020,03-01-2010,79,81
4020,04-01-2010,88,72
4020,05-01-2010,76,84
4020,06-01-2010,87,73
4020,07-01-2010,71,89
4020,08-01-2010,88,72
4020,09-01-2010,90,70
4020,10-01-2010,73,87
4021,10-01-2009,87,73
4021,11-01-2009,90,70
4021,12-01-2009,74,86
4021,01-01-2010,86,74
4021,02-01-2010,78,82
4021,03-01-2010,73,87
4021,04-01-2010,90,70
4021,05-01-2010,82,78
4021,06-01-2010,83,77
4021,07-01-2010,78,82
4021,08-01-2010,75,85
4021,09-01-2010,87,73
4021,10-01-2010,84,76
4022,10-01-2009,81,79
4022,11-01-2009,90,70
4022,12-01-2009,74,86
4022,01-01-2010,83,77
4022,02-01-2010,90,70
4022,03-01-2010,78,82
4022,04-01-2010,81,79
4022,05-01-2010,72,88
4022,06-01-2010,78,82
4022,07-01-2010,82,78
4022,08-01-2010,87,73
4022,09-01-2010,78,82
4022,10-01-2010,88,72
4023,10-01-2009,81,79
4023,11-01-2009,90,70
4023,12-01-2009,74,86
4023,01-01-2010,78,82
4023,02-01-2010,83,77
4023,03-01-2010,73,87
4023,04-01-2010,74,86
4023,05-01-2010,81,79
4023,06-01-2010,76,84
4023,07-01-2010,84,76
4023,08-01-2010,87,73
4023,09-01-2010,87,73
4023,10-01-2010,74,86
4024,10-01-2009,72,88
4024,11-01-2009,83,77
4024,12-01-2009,87,73
4024,01-01-2010,74,86
4024,02-01-2010,71,89
4024,03-01-2010,76,84
4024,04-01-2010,71,89
4024,05-01-2010,89,71
4024,06-01-2010,89,71
4024,07-01-2010,75,85
4024,08-01-2010,82,78
4024,09-01-2010,80,80
4024,10-01-2010,86,74
4025,10-01-2009,87,73
4025,11-01-2009,87,73
4025,12-01-2009,75,85
4025,01-01-2010,78,82
4025,02-01-2010,89,71
4025,03-01-2010,71,89
4025,04-01-2010,88,72
4025,05-01-2010,86,74
4025,06-01-2010,87,73
4025,07-01-2010,82,78
4025,08-01-2010,72,88
4025,09-01-2010,83,77
4025,10-01-2010,83,77
4026,10-01-2009,76,84
4026,11-01-2009,80,80
4026,12-01-2009,90,70
4026,01-01-2010,80,80
4026,02-01-2010,75,85
4026,03-01-2010,75,85
4026,04-01-2010,80,80
4026,05-01-2010,83,77
4026,06-01-2010,75,85
4026,07-01-2010,85,75
4026,08-01-2010,83,77
4026,09-01-2010,75,85
4026,10-01-2010,72,88
4027,10-01-2009,83,77
4027,11-01-2009,83,77
4027,12-01-2009,78,82
4027,01-01-2010,79,81
4027,02-01-2010,73,87
4027,03-01-2010,71,89
4027,04-01-2010,79,81
4027,05-01-2010,86,74
4027,06-01-2010,89,71
4027,07-01-2010,90,70
4027,08-01-2010,73,87
4027,09-01-2010,87,73
4027,10-01-2010,73,87
4028,10-01-2009,78,82
4028,11-01-2009,79,81
4028,12-01-2009,73,87
4028,01-01-2010,79,81
4028,02-01-2010,84,76
4028,03-01-2010,78,82
4028,04-01-2010,73,87
4028,05-01-2010,89,71
4028,06-01-2010,73,87
4028,07-01-2010,81,79
4028,08-01-2010,78,82
4028,09-01-2010,83,77
4028,10-01-2010,76,84
4029,10-01-2009,86,74
4029,11-01-2009,74,86
4029,12-01-2009,74,86
4029,01-01-2010,85,75
4029,02-01-2010,86,74
4029,03-01-2010,79,81
4029,04-01-2010,71,89
4029,05-01-2010,81,79
4029,06-01-2010,87,73
4029,07-01-2010,75,85
4029,08-01-2010,88,72
4029,09-01-2010,86,74
4029,10-01-2010,73,87
4030,10-01-2009,87,73
4030,11-01-2009,76,84
4030,12-01-2009,77,83
4030,01-01-2010,71,89
4030,02-01-2010,73,87
4030,03-01-2010,78,82
4030,04-01-2010,88,72
4030,05-01-2010,89,71
4030,06-01-2010,71,89
4030,07-01-2010,75,85
4030,08-01-2010,81,79
4030,09-01-2010,73,87
4030,10-01-2010,80,80
4031,10-01-2009,78,82
4031,11-01-2009,74,86
4031,12-01-2009,87,73
4031,01-01-2010,90,70
4031,02-01-2010,74,86
4031,03-01-2010,87,73
4031,04-01-2010,79,81
4031,05-01-2010,81,79
4031,06-01-2010,80,80
4031,07-01-2010,79,81
4031,08-01-2010,86,74
4031,09-01-2010,84,76
4031,10-01-2010,74,86
4032,10-01-2009,90,70
4032,11-01-2009,83,77
4032,12-01-2009,79,81
4032,01-01-2010,86,74
4032,02-01-2010,88,72
4032,03-01-2010,72,88
4032,04-01-2010,78,82
4032,05-01-2010,84,76
4032,06-01-2010,76,84
4032,07-01-2010,84,76
4032,08-01-2010,77,83
4032,09-01-2010,76,84
4032,10-01-2010,89,71
4033,10-01-2009,88,72
4033,11-01-2009,82,78
4033,12-01-2009,87,73
4033,01-01-2010,75,85
4033,02-01-2010,83,77
4033,03-01-2010,87,73
4033,04-01-2010,88,72
4033,05-01-2010,79,81
4033,06-01-2010,86,74
4033,07-01-2010,72,88
4033,08-01-2010,90,70
4033,09-01-2010,89,71
4033,10-01-2010,87,73
4034,10-01-2009,85,75
4034,11-01-2009,75,85
4034,12-01-2009,73,87
4034,01-01-2010,83,77
4034,02-01-2010,87,73
4034,03-01-2010,72,88
4034,04-01-2010,90,70
4034,05-01-2010,77,83
4034,06-01-2010,79,81
4034,07-01-2010,78,82
4034,08-01-2010,86,74
4034,09-01-2010,74,86
4034,10-01-2010,83,77
4035,10-01-2009,71,89
4035,11-01-2009,77,83
4035,12-01-2009,77,83
4035,01-01-2010,75,85
4035,02-01-2010,84,76
4035,03-01-2010,80,80
4035,04-01-2010,88,72
4035,05-01-2010,75,85
4035,06-01-2010,81,79
4035,07-01-2010,83,77
4035,08-01-2010,90,70
4035,09-01-2010,74,86
4035,10-01-2010,72,88
4036,10-01-2009,87,73
4036,11-01-2009,89,71
4036,12-01-2009,71,89
4036,01-01-2010,73,87
4036,02-01-2010,90,70
4036,03-01-2010,87,73
4036,04-01-2010,75,85
4036,05-01-2010,72,88
4036,06-01-2010,79,81
4036,07-01-2010,82,78
4036,08-01-2010,82,78
4036,09-01-2010,75,85
4036,10-01-2010,84,76
4037,10-01-2009,77,83
4037,11-01-2009,81,79
4037,12-01-2009,87,73
4037,01-01-2010,75,85
4037,02-01-2010,71,89
4037,03-01-2010,88,72
4037,04-01-2010,77,83
4037,05-01-2010,87,73
4037,06-01-2010,83,77
4037,07-01-2010,83,77
4037,08-01-2010,72,88
4037,09-01-2010,72,88
4037,10-01-2010,79,81
4038,10-01-2009,78,82
4038,11-01-2009,87,73
4038,12-01-2009,79,81
4038,01-01-2010,78,82
4038,02-01-2010,90,70
4038,03-01-2010,83,77
4038,04-01-2010,90,70
4038,05-01-2010,88,72
4038,06-01-2010,89,71
4038,07-01-2010,83,77
4038,08-01-2010,83,77
4038,09-01-2010,84,76
4038,10-01-2010,89,71
4039,10-01-2009,79,81
4039,11-01-2009,89,71
4039,12-01-2009,81,79
4039,01-01-2010,86,74
4039,02-01-2010,87,73
4039,03-01-2010,72,88
4039,04-01-2010,82,78
4039,05-01-2010,84,76
4039,06-01-2010,88,72
4039,07-01-2010,72,88
4039,08-01-2010,74,86
4039,09-01-2010,73,87
4039,10-01-2010,79,81
4040,10-01-2009,75,85
4040,11-01-2009,79,81
4040,12-01-2009,71,89
4040,01-01-2010,76,84
4040,02-01-2010,76,84
4040,03-01-2010,78,82
4040,04-01-2010,75,85
4040,05-01-2010,81,79
4040,06-01-2010,88,72
4040,07-01-2010,82,78
4040,08-01-2010,80,80
4040,09-01-2010,87,73
4040,10-01-2010,83,77
4041,10-01-2009,71,89
4041,11-01-2009,86,74
4041,12-01-2009,72,88
4041,01-01-2010,71,89
4041,02-01-2010,86,74
4041,03-01-2010,81,79
4041,04-01-2010,79,81
4041,05-01-2010,84,76
4041,06-01-2010,83,77
4041,07-01-2010,79,81
4041,08-01-2010,73,87
4041,09-01-2010,82,78
4041,10-01-2010,77,83
4042,10-01-2009,81,79
4042,11-01-2009,77,83
4042,12-01-2009,84,76
4042,01-01-2010,72,88
4042,02-01-2010,76,84
4042,03-01-2010,82,78
4042,04-01-2010,86,74
4042,05-01-2010,89,71
4042,06-01-2010,85,75
4042,07-01-2010,72,88
4042,08-01-2010,88,72
4042,09-01-2010,78,82
4042,10-01-2010,90,70
4043,10-01-2009,90,70
4043,11-01-2009,79,81
4043,12-01-2009,72,88
4043,01-01-2010,71,89
4043,02-01-2010,85,75
4043,03-01-2010,90,70
4043,04-01-2010,84,76
4043,05-01-2010,75,85
4043,06-01-2010,81,79
4043,07-01-2010,87,73
4043,08-01-2010,77,83
4043,09-01-2010,78,82
4043,10-01-2010,79,81
4044,10-01-2009,89,71
4044,11-01-2009,82,78
4044,12-01-2009,76,84
4044,01-01-2010,73,87
4044,02-01-2010,85,75
4044,03-01-2010,85,75
4044,04-01-2010,88,72
4044,05-01-2010,85,75
4044,06-01-2010,90,70
4044,07-01-2010,79,81
4044,08-01-2010,82,78
4044,09-01-2010,81,79
4044,10-01-2010,77,83
4045,10-01-2009,71,89
4045,11-01-2009,73,87
4045,12-01-2009,87,73
4045,01-01-2010,84,76
4045,02-01-2010,90,70
4045,03-01-2010,75,85
4045,04-01-2010,85,75
4045,05-01-2010,89,71
4045,06-01-2010,81,79
4045,07-01-2010,85,75
4045,08-01-2010,75,85
4045,09-01-2010,85,75
4045,10-01-2010,87,73
4046,10-01-2009,87,73
4046,11-01-2009,80,80
4046,12-01-2009,72,88
4046,01-01-2010,75,85
4046,02-01-2010,72,88
4046,03-01-2010,73,87
4046,04-01-2010,89,71
4046,05-01-2010,72,88
4046,06-01-2010,85,75
4046,07-01-2010,86,74
4046,08-01-2010,89,71
4046,09-01-2010,83,77
4046,10-01-2010,78,82
4047,10-01-2009,89,71
4047,11-01-2009,79,81
4047,12-01-2009,90,70
4047,01-01-2010,76,84
4047,02-01-2010,86,74
4047,03-01-2010,87,73
4047,04-01-2010,87,73
4047,05-01-2010,73,87
4047,06-01-2010,74,86
4047,07-01-2010,78,82
4047,08-01-2010,76,84
4047,09-01-2010,80,80
4047,10-01-2010,78,82
4048,10-01-2009,79,81
4048,11-01-2009,71,89
4048,12-01-2009,88,72
4048,01-01-2010,88,72
4048,02-01-2010,77,83
4048,03-01-2010,76,84
4048,04-01-2010,83,77
4048,05-01-2010,71,89
4048,06-01-2010,83,77
4048,07-01-2010,84,76
4048,08-01-2010,87,73
4048,09-01-2010,79,81
4048,10-01-2010,83,77
4049,10-01-2009,72,88
4049,11-01-2009,78,82
4049,12-01-2009,72,88
4049,01-01-2010,88,72
4049,02-01-2010,78,82
4049,03-01-2010,83,77
4049,04-01-2010,86,74
4049,05-01-2010,71,89
4049,06-01-2010,80,80
4049,07-01-2010,83,77
4049,08-01-2010,83,77
4049,09-01-2010,88,72
4049,10-01-2010,90,70
4050,10-01-2009,73,87
4050,11-01-2009,79,81
4050,12-01-2009,86,74
4050,01-01-2010,80,80
4050,02-01-2010,88,72
4050,03-01-2010,85,75
4050,04-01-2010,82,78
4050,05-01-2010,87,73
4050,06-01-2010,84,76
4050,07-01-2010,79,81
4050,08-01-2010,90,70
4050,09-01-2010,72,88
4050,10-01-2010,71,89
4051,10-01-2009,89,71
4051,11-01-2009,79,81
4051,12-01-2009,89,71
4051,01-01-2010,87,73
4051,02-01-2010,83,77
4051,03-01-2010,85,75
4051,04-01-2010,83,77
4051,05-01-2010,89,71
4051,06-01-2010,84,76
4051,07-01-2010,79,81
4051,08-01-2010,88,72
4051,09-01-2010,83,77
4051,10-01-2010,89,71
4052,10-01-2009,77,83
4052,11-01-2009,89,71
4052,12-01-2009,87,73
4052,01-01-2010,75,85
4052,02-01-2010,72,88
4052,03-01-2010,72,88
4052,04-01-2010,76,84
4052,05-01-2010,89,71
4052,06-01-2010,89,71
4052,07-01-2010,82,78
4052,08-01-2010,80,80
4052,09-01-2010,81,79
4052,10-01-2010,76,84
4053,10-01-2009,75,85
4053,11-01-2009,85,75
4053,12-01-2009,78,82
4053,01-01-2010,71,89
4053,02-01-2010,79,81
4053,03-01-2010,85,75
4053,04-01-2010,89,71
4053,05-01-2010,81,79
4053,06-01-2010,76,84
4053,07-01-2010,77,83
4053,08-01-2010,85,75
4053,09-01-2010,86,74
4053,10-01-2010,78,82
4054,10-01-2009,78,82
4054,11-01-2009,87,73
4054,12-01-2009,76,84
4054,01-01-2010,79,81
4054,02-01-2010,78,82
4054,03-01-2010,84,76
4054,04-01-2010,74,86
4054,05-01-2010,74,86
4054,06-01-2010,82,78
4054,07-01-2010,89,71
4054,08-01-2010,79,81
4054,09-01-2010,81,79
4054,10-01-2010,85,75
4055,10-01-2009,78,82
4055,11-01-2009,87,73
4055,12-01-2009,90,70
4055,01-01-2010,78,82
4055,02-01-2010,88,72
4055,03-01-2010,85,75
4055,04-01-2010,72,88
4055,05-01-2010,87,73
4055,06-01-2010,77,83
4055,07-01-2010,88,72
4055,08-01-2010,79,81
4055,09-01-2010,76,84
4055,10-01-2010,73,87
4056,10-01-2009,73,87
4056,11-01-2009,76,84
4056,12-01-2009,76,84
4056,01-01-2010,90,70
4056,02-01-2010,75,85
4056,03-01-2010,87,73
4056,04-01-2010,73,87
4056,05-01-2010,85,75
4056,06-01-2010,78,82
4056,07-01-2010,84,76
4056,08-01-2010,74,86
4056,09-01-2010,71,89
4056,10-01-2010,82,78
4057,10-01-2009,71,89
4057,11-01-2009,77,83
4057,12-01-2009,75,85
4057,01-01-2010,87,73
4057,02-01-2010,77,83
4057,03-01-2010,76,84
4057,04-01-2010,78,82
4057,05-01-2010,75,85
4057,06-01-2010,83,77
4057,07-01-2010,80,80
4057,08-01-2010,86,74
4057,09-01-2010,72,88
4057,10-01-2010,75,85
4058,10-01-2009,86,74
4058,11-01-2009,71,89
4058,12-01-2009,78,82
4058,01-01-2010,84,76
4058,02-01-2010,87,73
4058,03-01-2010,82,78
4058,04-01-2010,77,83
4058,05-01-2010,79,81
4058,06-01-2010,89,71
4058,07-01-2010,89,71
4058,08-01-2010,85,75
4058,09-01-2010,72,88
4058,10-01-2010,79,81
4059,10-01-2009,81,79
4059,11-01-2009,81,79
4059,12-01-2009,71,89
4059,01-01-2010,87,73
4059,02-01-2010,77,83
4059,03-01-2010,86,74
4059,04-01-2010,77,83
4059,05-01-2010,88,72
4059,06-01-2010,81,79
4059,07-01-2010,87,73
4059,08-01-2010,85,75
4059,09-01-2010,73,87
4059,10-01-2010,74,86
4060,10-01-2009,89,71
4060,11-01-2009,76,84
4060,12-01-2009,72,88
4060,01-01-2010,85,75
4060,02-01-2010,87,73
4060,03-01-2010,85,75
4060,04-01-2010,88,72
4060,05-01-2010,84,76
4060,06-01-2010,78,82
4060,07-01-2010,81,79
4060,08-01-2010,77,83
4060,09-01-2010,84,76
4060,10-01-2010,86,74
4061,10-01-2009,81,79
4061,11-01-2009,88,72
4061,12-01-2009,89,71
4061,01-01-2010,79,81
4061,02-01-2010,85,75
4061,03-01-2010,75,85
4061,04-01-2010,81,79
4061,05-01-2010,71,89
4061,06-01-2010,89,71
4061,07-01-2010,85,75
4061,08-01-2010,89,71
4061,09-01-2010,73,87
4061,10-01-2010,73,87
4062,10-01-2009,88,72
4062,11-01-2009,72,88
4062,12-01-2009,73,87
4062,01-01-2010,81,79
4062,02-01-2010,82,78
4062,03-01-2010,83,77
4062,04-01-2010,75,85
4062,05-01-2010,87,73
4062,06-01-2010,77,83
4062,07-01-2010,88,72
4062,08-01-2010,82,78
4062,09-01-2010,89,71
4062,10-01-2010,76,84
4063,10-01-2009,82,78
4063,11-01-2009,76,84
4063,12-01-2009,88,72
4063,01-01-2010,90,70
4063,02-01-2010,78,82
4063,03-01-2010,79,81
4063,04-01-2010,72,88
4063,05-01-2010,79,81
4063,06-01-2010,86,74
4063,07-01-2010,88,72
4063,08-01-2010,90,70
4063,09-01-2010,80,80
4063,10-01-2010,71,89
4064,10-01-2009,79,81
4064,11-01-2009,78,82
4064,12-01-2009,71,89
4064,01-01-2010,82,78
4064,02-01-2010,85,75
4064,03-01-2010,79,81
4064,04-01-2010,81,79
4064,05-01-2010,75,85
4064,06-01-2010,87,73
4064,07-01-2010,84,76
4064,08-01-2010,86,74
4064,09-01-2010,71,89
4064,10-01-2010,74,86
4065,10-01-2009,73,87
4065,11-01-2009,90,70
4065,12-01-2009,87,73
4065,01-01-2010,81,79
4065,02-01-2010,73,87
4065,03-01-2010,85,75
4065,04-01-2010,72,88
4065,05-01-2010,83,77
4065,06-01-2010,86,74
4065,07-01-2010,87,73
4065,08-01-2010,88,72
4065,09-01-2010,74,86
4065,10-01-2010,73,87
4066,10-01-2009,71,89
4066,11-01-2009,89,71
4066,12-01-2009,78,82
4066,01-01-2010,83,77
4066,02-01-2010,75,85
4066,03-01-2010,89,71
4066,04-01-2010,85,75
4066,05-01-2010,90,70
4066,06-01-2010,80,80
4066,07-01-2010,78,82
4066,08-01-2010,77,83
4066,09-01-2010,81,79
4066,10-01-2010,79,81
4067,10-01-2009,87,73
4067,11-01-2009,74,86
4067,12-01-2009,75,85
4067,01-01-2010,72,88
4067,02-01-2010,84,76
4067,03-01-2010,86,74
4067,04-01-2010,78,82
4067,05-01-2010,76,84
4067,06-01-2010,72,88
4067,07-01-2010,90,70
4067,08-01-2010,89,71
4067,09-01-2010,76,84
4067,10-01-2010,88,72
4068,10-01-2009,78,82
4068,11-01-2009,81,79
4068,12-01-2009,86,74
4068,01-01-2010,86,74
4068,02-01-2010,76,84
4068,03-01-2010,73,87
4068,04-01-2010,82,78
4068,05-01-2010,76,84
4068,06-01-2010,79,81
4068,07-01-2010,90,70
4068,08-01-2010,73,87
4068,09-01-2010,87,73
4068,10-01-2010,84,76
4069,10-01-2009,82,78
4069,11-01-2009,71,89
4069,12-01-2009,80,80
4069,01-01-2010,73,87
4069,02-01-2010,79,81
4069,03-01-2010,83,77
4069,04-01-2010,87,73
4069,05-01-2010,84,76
4069,06-01-2010,88,72
4069,07-01-2010,83,77
4069,08-01-2010,90,70
4069,09-01-2010,74,86
4069,10-01-2010,73,87
4070,10-01-2009,90,70
4070,11-01-2009,71,89
4070,12-01-2009,82,78
4070,01-01-2010,74,86
4070,02-01-2010,85,75
4070,03-01-2010,72,88
4070,04-01-2010,72,88
4070,05-01-2010,78,82
4070,06-01-2010,78,82
4070,07-01-2010,80,80
4070,08-01-2010,79,81
4070,09-01-2010,86,74
4070,10-01-2010,87,73
4071,10-01-2009,71,89
4071,11-01-2009,80,80
4071,12-01-2009,72,88
4071,01-01-2010,73,87
4071,02-01-2010,88,72
4071,03-01-2010,80,80
4071,04-01-2010,85,75
4071,05-01-2010,88,72
4071,06-01-2010,76,84
4071,07-01-2010,86,74
4071,08-01-2010,84,76
4071,09-01-2010,74,86
4071,10-01-2010,85,75
4072,10-01-2009,82,78
4072,11-01-2009,80,80
4072,12-01-2009,73,87
4072,01-01-2010,81,79
4072,02-01-2010,81,79
4072,03-01-2010,79,81
4072,04-01-2010,83,77
4072,05-01-2010,73,87
4072,06-01-2010,72,88
4072,07-01-2010,87,73
4072,08-01-2010,75,85
4072,09-01-2010,81,79
4072,10-01-2010,72,88
4073,10-01-2009,71,89
4073,11-01-2009,86,74
4073,12-01-2009,84,76
4073,01-01-2010,73,87
4073,02-01-2010,83,77
4073,03-01-2010,72,88
4073,04-01-2010,84,76
4073,05-01-2010,86,74
4073,06-01-2010,88,72
4073,07-01-2010,77,83
4073,08-01-2010,90,70
4073,09-01-2010,88,72
4073,10-01-2010,86,74
4074,10-01-2009,78,82
4074,11-01-2009,86,74
4074,12-01-2009,78,82
4074,01-01-2010,89,71
4074,02-01-2010,78,82
4074,03-01-2010,71,89
4074,04-01-2010,87,73
4074,05-01-2010,75,85
4074,06-01-2010,75,85
4074,07-01-2010,88,72
4074,08-01-2010,85,75
4074,09-01-2010,72,88
4074,10-01-2010,73,87
4075,10-01-2009,83,77
4075,11-01-2009,72,88
4075,12-01-2009,83,77
4075,01-01-2010,83,77
4075,02-01-2010,72,88
4075,03-01-2010,76,84
4075,04-01-2010,71,89
4075,05-01-2010,72,88
4075,06-01-2010,87,73
4075,07-01-2010,88,72
4075,08-01-2010,88,72
4075,09-01-2010,74,86
4075,10-01-2010,75,85
4076,10-01-2009,72,88
4076,11-01-2009,90,70
4076,12-01-2009,89,71
4076,01-01-2010,76,84
4076,02-01-2010,85,75
4076,03-01-2010,82,78
4076,04-01-2010,74,86
4076,05-01-2010,77,83
4076,06-01-2010,73,87
4076,07-01-2010,82,78
4076,08-01-2010,89,71
4076,09-01-2010,89,71
4076,10-01-2010,76,84
4077,10-01-2009,90,70
4077,11-01-2009,87,73
4077,12-01-2009,88,72
4077,01-01-2010,87,73
4077,02-01-2010,79,81
4077,03-01-2010,78,82
4077,04-01-2010,82,78
4077,05-01-2010,89,71
4077,06-01-2010,77,83
4077,07-01-2010,76,84
4077,08-01-2010,79,81
4077,09-01-2010,76,84
4077,10-01-2010,82,78
4078,10-01-2009,85,75
4078,11-01-2009,76,84
4078,12-01-2009,78,82
4078,01-01-2010,89,71
4078,02-01-2010,87,73
4078,03-01-2010,77,83
4078,04-01-2010,85,75
4078,05-01-2010,79,81
4078,06-01-2010,83,77
4078,07-01-2010,73,87
4078,08-01-2010,87,73
4078,09-01-2010,81,79
4078,10-01-2010,73,87
4079,10-01-2009,87,73
4079,11-01-2009,77,83
4079,12-01-2009,80,80
4079,01-01-2010,81,79
4079,02-01-2010,72,88
4079,03-01-2010,71,89
4079,04-01-2010,90,70
4079,05-01-2010,88,72
4079,06-01-2010,72,88
4079,07-01-2010,77,83
4079,08-01-2010,84,76
4079,09-01-2010,82,78
4079,10-01-2010,89,71
4080,10-01-2009,79,81
4080,11-01-2009,78,82
4080,12-01-2009,71,89
4080,01-01-2010,83,77
4080,02-01-2010,90,70
4080,03-01-2010,81,79
4080,04-01-2010,75,85
4080,05-01-2010,83,77
4080,06-01-2010,79,81
4080,07-01-2010,77,83
4080,08-01-2010,81,79
4080,09-01-2010,76,84
4080,10-01-2010,77,83
4081,10-01-2009,76,84
4081,11-01-2009,85,75
4081,12-01-2009,71,89
4081,01-01-2010,89,71
4081,02-01-2010,80,80
4081,03-01-2010,75,85
4081,04-01-2010,82,78
4081,05-01-2010,74,86
4081,06-01-2010,73,87
4081,07-01-2010,77,83
4081,08-01-2010,86,74
4081,09-01-2010,71,89
4081,10-01-2010,79,81
4082,10-01-2009,74,86
4082,11-01-2009,72,88
4082,12-01-2009,86,74
4082,01-01-2010,83,77
4082,02-01-2010,79,81
4082,03-01-2010,79,81
4082,04-01-2010,78,82
4082,05-01-2010,82,78
4082,06-01-2010,75,85
4082,07-01-2010,89,71
4082,08-01-2010,71,89
4082,09-01-2010,77,83
4082,10-01-2010,85,75
4083,10-01-2009,89,71
4083,11-01-2009,71,89
4083,12-01-2009,78,82
4083,01-01-2010,72,88
4083,02-01-2010,74,86
4083,03-01-2010,81,79
4083,04-01-2010,71,89
4083,05-01-2010,81,79
4083,06-01-2010,82,78
4083,07-01-2010,81,79
4083,08-01-2010,73,87
4083,09-01-2010,73,87
4083,10-01-2010,73,87
4084,10-01-2009,72,88
4084,11-01-2009,77,83
4084,12-01-2009,83,77
4084,01-01-2010,79,81
4084,02-01-2010,75,85
4084,03-01-2010,71,89
4084,04-01-2010,80,80
4084,05-01-2010,80,80
4084,06-01-2010,75,85
4084,07-01-2010,78,82
4084,08-01-2010,81,79
4084,09-01-2010,71,89
4084,10-01-2010,74,86
4085,10-01-2009,84,76
4085,11-01-2009,89,71
4085,12-01-2009,72,88
4085,01-01-2010,83,77
4085,02-01-2010,72,88
4085,03-01-2010,72,88
4085,04-01-2010,81,79
4085,05-01-2010,74,86
4085,06-01-2010,78,82
4085,07-01-2010,87,73
4085,08-01-2010,82,78
4085,09-01-2010,84,76
4085,10-01-2010,74,86
4086,10-01-2009,85,75
4086,11-01-2009,84,76
4086,12-01-2009,73,87
4086,01-01-2010,78,82
4086,02-01-2010,88,72
4086,03-01-2010,80,80
4086,04-01-2010,86,74
4086,05-01-2010,81,79
4086,06-01-2010,78,82
4086,07-01-2010,73,87
4086,08-01-2010,84,76
4086,09-01-2010,84,76
4086,10-01-2010,76,84
4087,10-01-2009,81,79
4087,11-01-2009,83,77
4087,12-01-2009,87,73
4087,01-01-2010,84,76
4087,02-01-2010,81,79
4087,03-01-2010,72,88
4087,04-01-2010,79,81
4087,05-01-2010,87,73
4087,06-01-2010,75,85
4087,07-01-2010,77,83
4087,08-01-2010,89,71
4087,09-01-2010,76,84
4087,10-01-2010,90,70
4088,10-01-2009,87,73
4088,11-01-2009,73,87
4088,12-01-2009,77,83
4088,01-01-2010,80,80
4088,02-01-2010,72,88
4088,03-01-2010,74,86
4088,04-01-2010,73,87
4088,05-01-2010,88,72
4088,06-01-2010,83,77
4088,07-01-2010,75,85
4088,08-01-2010,77,83
4088,09-01-2010,86,74
4088,10-01-2010,74,86
4089,10-01-2009,77,83
4089,11-01-2009,78,82
4089,12-01-2009,87,73
4089,01-01-2010,83,77
4089,02-01-2010,82,78
4089,03-01-2010,81,79
4089,04-01-2010,87,73
4089,05-01-2010,78,82
4089,06-01-2010,74,86
4089,07-01-2010,71,89
4089,08-01-2010,84,76
4089,09-01-2010,71,89
4089,10-01-2010,80,80
4090,10-01-2009,87,73
4090,11-01-2009,89,71
4090,12-01-2009,73,87
4090,01-01-2010,80,80
4090,02-01-2010,76,84
4090,03-01-2010,90,70
4090,04-01-2010,73,87
4090,05-01-2010,82,78
4090,06-01-2010,81,79
4090,07-01-2010,72,88
4090,08-01-2010,79,81
4090,09-01-2010,84,76
4090,10-01-2010,84,76
4091,10-01-2009,84,76
4091,11-01-2009,73,87
4091,12-01-2009,85,75
4091,01-01-2010,73,87
4091,02-01-2010,88,72
4091,03-01-2010,79,81
4091,04-01-2010,80,80
4091,05-01-2010,86,74
4091,06-01-2010,79,81
4091,07-01-2010,82,78
4091,08-01-2010,88,72
4091,09-01-2010,77,83
4091,10-01-2010,71,89
4092,10-01-2009,85,75
4092,11-01-2009,84,76
4092,12-01-2009,78,82
4092,01-01-2010,83,77
4092,02-01-2010,75,85
4092,03-01-2010,73,87
4092,04-01-2010,71,89
4092,05-01-2010,73,87
4092,06-01-2010,72,88
4092,07-01-2010,82,78
4092,08-01-2010,77,83
4092,09-01-2010,79,81
4092,10-01-2010,89,71
4093,10-01-2009,76,84
4093,11-01-2009,74,86
4093,12-01-2009,76,84
4093,01-01-2010,72,88
4093,02-01-2010,79,81
4093,03-01-2010,90,70
4093,04-01-2010,85,75
4093,05-01-2010,85,75
4093,06-01-2010,90,70
4093,07-01-2010,90,70
4093,08-01-2010,71,89
4093,09-01-2010,80,80
4093,10-01-2010,77,83
4094,10-01-2009,88,72
4094,11-01-2009,87,73
4094,12-01-2009,77,83
4094,01-01-2010,71,89
4094,02-01-2010,80,80
4094,03-01-2010,90,70
4094,04-01-2010,85,75
4094,05-01-2010,77,83
4094,06-01-2010,74,86
4094,07-01-2010,75,85
4094,08-01-2010,89,71
4094,09-01-2010,80,80
4094,10-01-2010,83,77
4095,10-01-2009,81,79
4095,11-01-2009,72,88
4095,12-01-2009,76,84
4095,01-01-2010,89,71
4095,02-01-2010,75,85
4095,03-01-2010,71,89
4095,04-01-2010,74,86
4095,05-01-2010,74,86
4095,06-01-2010,72,88
4095,07-01-2010,77,83
4095,08-01-2010,71,89
4095,09-01-2010,71,89
4095,10-01-2010,85,75
4096,10-01-2009,72,88
4096,11-01-2009,79,81
4096,12-01-2009,73,87
4096,01-01-2010,76,84
4096,02-01-2010,83,77
4096,03-01-2010,76,84
4096,04-01-2010,86,74
4096,05-01-2010,79,81
4096,06-01-2010,72,88
4096,07-01-2010,81,79
4096,08-01-2010,81,79
4096,09-01-2010,79,81
4096,10-01-2010,74,86
4097,10-01-2009,79,81
4097,11-01-2009,80,80
4097,12-01-2009,77,83
4097,01-01-2010,89,71
4097,02-01-2010,79,81
4097,03-01-2010,87,73
4097,04-01-2010,79,81
4097,05-01-2010,73,87
4097,06-01-2010,75,85
4097,07-01-2010,85,75
4097,08-01-2010,73,87
4097,09-01-2010,89,71
4097,10-01-2010,88,72
4098,10-01-2009,90,70
4098,11-01-2009,85,75
4098,12-01-2009,74,86
4098,01-01-2010,80,80
4098,02-01-2010,75,85
4098,03-01-2010,78,82
4098,04-01-2010,88,72
4098,05-01-2010,79,81
4098,06-01-2010,88,72
4098,07-01-2010,89,71
4098,08-01-2010,86,74
4098,09-01-2010,75,85
4098,10-01-2010,87,73
4099,10-01-2009,73,87
4099,11-01-2009,80,80
4099,12-01-2009,82,78
4099,01-01-2010,77,83
4099,02-01-2010,87,73
4099,03-01-2010,85,75
4099,04-01-2010,82,78
4099,05-01-2010,79,81
4099,06-01-2010,77,83
4099,07-01-2010,87,73
4099,08-01-2010,75,85
4099,09-01-2010,73,87
4099,10-01-2010,86,74
4100,10-01-2009,72,88
4100,11-01-2009,90,70
4100,12-01-2009,74,86
4100,01-01-2010,84,76
4100,02-01-2010,80,80
4100,03-01-2010,89,71
4100,04-01-2010,76,84
4100,05-01-2010,78,82
4100,06-01-2010,74,86
4100,07-01-2010,84,76
4100,08-01-2010,90,70
4100,09-01-2010,80,80
4100,10-01-2010,71,89
4101,10-01-2009,78,82
4101,11-01-2009,85,75
4101,12-01-2009,73,87
4101,01-01-2010,81,79
4101,02-01-2010,87,73
4101,03-01-2010,89,71
4101,04-01-2010,88,72
4101,05-01-2010,87,73
4101,06-01-2010,81,79
4101,07-01-2010,72,88
4101,08-01-2010,88,72
4101,09-01-2010,88,72
4101,10-01-2010,82,78
4102,10-01-2009,73,87
4102,11-01-2009,88,72
4102,12-01-2009,88,72
4102,01-01-2010,83,77
4102,02-01-2010,82,78
4102,03-01-2010,76,84
4102,04-01-2010,88,72
4102,05-01-2010,71,89
4102,06-01-2010,77,83
4102,07-01-2010,82,78
4102,08-01-2010,87,73
4102,09-01-2010,81,79
4102,10-01-2010,81,79
4103,10-01-2009,81,79
4103,11-01-2009,77,83
4103,12-01-2009,80,80
4103,01-01-2010,84,76
4103,02-01-2010,83,77
4103,03-01-2010,87,73
4103,04-01-2010,90,70
4103,05-01-2010,73,87
4103,06-01-2010,85,75
4103,07-01-2010,81,79
4103,08-01-2010,80,80
4103,09-01-2010,79,81
4103,10-01-2010,85,75
4104,10-01-2009,74,86
4104,11-01-2009,89,71
4104,12-01-2009,83,77
4104,01-01-2010,87,73
4104,02-01-2010,78,82
4104,03-01-2010,87,73
4104,04-01-2010,74,86
4104,05-01-2010,73,87
4104,06-01-2010,86,74
4104,07-01-2010,73,87
4104,08-01-2010,75,85
4104,09-01-2010,76,84
4104,10-01-2010,76,84
4105,10-01-2009,89,71
4105,11-01-2009,85,75
4105,12-01-2009,79,81
4105,01-01-2010,72,88
4105,02-01-2010,73,87
4105,03-01-2010,71,89
4105,04-01-2010,77,83
4105,05-01-2010,74,86
4105,06-01-2010,89,71
4105,07-01-2010,76,84
4105,08-01-2010,79,81
4105,09-01-2010,71,89
4105,10-01-2010,88,72
4106,10-01-2009,89,71
4106,11-01-2009,87,73
4106,12-01-2009,82,78
4106,01-01-2010,76,84
4106,02-01-2010,89,71
4106,03-01-2010,86,74
4106,04-01-2010,71,89
4106,05-01-2010,85,75
4106,06-01-2010,77,83
4106,07-01-2010,78,82
4106,08-01-2010,88,72
4106,09-01-2010,83,77
4106,10-01-2010,80,80
4107,10-01-2009,76,84
4107,11-01-2009,72,88
4107,12-01-2009,83,77
4107,01-01-2010,87,73
4107,02-01-2010,74,86
4107,03-01-2010,77,83
4107,04-01-2010,83,77
4107,05-01-2010,80,80
4107,06-01-2010,83,77
4107,07-01-2010,80,80
4107,08-01-2010,82,78
4107,09-01-2010,88,72
4107,10-01-2010,77,83
4108,10-01-2009,84,76
4108,11-01-2009,74,86
4108,12-01-2009,78,82
4108,01-01-2010,88,72
4108,02-01-2010,83,77
4108,03-01-2010,85,75
4108,04-01-2010,85,75
4108,05-01-2010,77,83
4108,06-01-2010,81,79
4108,07-01-2010,74,86
4108,08-01-2010,76,84
4108,09-01-2010,72,88
4108,10-01-2010,89,71
4109,10-01-2009,77,83
4109,11-01-2009,82,78
4109,12-01-2009,87,73
4109,01-01-2010,88,72
4109,02-01-2010,85,75
4109,03-01-2010,74,86
4109,04-01-2010,87,73
4109,05-01-2010,80,80
4109,06-01-2010,76,84
4109,07-01-2010,79,81
4109,08-01-2010,71,89
4109,09-01-2010,80,80
4109,10-01-2010,77,83
4110,10-01-2009,71,89
4110,11-01-2009,90,70
4110,12-01-2009,75,85
4110,01-01-2010,83,77
4110,02-01-2010,76,84
4110,03-01-2010,74,86
4110,04-01-2010,73,87
4110,05-01-2010,84,76
4110,06-01-2010,81,79
4110,07-01-2010,87,73
4110,08-01-2010,90,70
4110,09-01-2010,85,75
4110,10-01-2010,83,77
4111,10-01-2009,77,83
4111,11-01-2009,88,72
4111,12-01-2009,83,77
4111,01-01-2010,83,77
4111,02-01-2010,79,81
4111,03-01-2010,88,72
4111,04-01-2010,78,82
4111,05-01-2010,77,83
4111,06-01-2010,90,70
4111,07-01-2010,90,70
4111,08-01-2010,86,74
4111,09-01-2010,86,74
4111,10-01-2010,80,80
4112,10-01-2009,75,85
4112,11-01-2009,89,71
4112,12-01-2009,76,84
4112,01-01-2010,88,72
4112,02-01-2010,73,87
4112,03-01-2010,74,86
4112,04-01-2010,87,73
4112,05-01-2010,78,82
4112,06-01-2010,82,78
4112,07-01-2010,86,74
4112,08-01-2010,74,86
4112,09-01-2010,78,82
4112,10-01-2010,89,71
4113,10-01-2009,80,80
4113,11-01-2009,73,87
4113,12-01-2009,71,89
4113,01-01-2010,75,85
4113,02-01-2010,84,76
4113,03-01-2010,81,79
4113,04-01-2010,82,78
4113,05-01-2010,84,76
4113,06-01-2010,83,77
4113,07-01-2010,80,80
4113,08-01-2010,83,77
4113,09-01-2010,77,83
4113,10-01-2010,73,87
4114,10-01-2009,81,79
4114,11-01-2009,75,85
4114,12-01-2009,85,75
4114,01-01-2010,85,75
4114,02-01-2010,77,83
4114,03-01-2010,80,80
4114,04-01-2010,83,77
4114,05-01-2010,77,83
4114,06-01-2010,83,77
4114,07-01-2010,86,74
4114,08-01-2010,73,87
4114,09-01-2010,87,73
4114,10-01-2010,86,74
4115,10-01-2009,89,71
4115,11-01-2009,74,86
4115,12-01-2009,89,71
4115,01-01-2010,82,78
4115,02-01-2010,90,70
4115,03-01-2010,88,72
4115,04-01-2010,87,73
4115,05-01-2010,79,81
4115,06-01-2010,76,84
4115,07-01-2010,86,74
4115,08-01-2010,76,84
4115,09-01-2010,76,84
4115,10-01-2010,89,71
4116,10-01-2009,73,87
4116,11-01-2009,73,87
4116,12-01-2009,76,84
4116,01-01-2010,72,88
4116,02-01-2010,89,71
4116,03-01-2010,89,71
4116,04-01-2010,71,89
4116,05-01-2010,84,76
4116,06-01-2010,89,71
4116,07-01-2010,89,71
4116,08-01-2010,90,70
4116,09-01-2010,77,83
4116,10-01-2010,82,78
4117,10-01-2009,89,71
4117,11-01-2009,85,75
4117,12-01-2009,74,86
4117,01-01-2010,78,82
4117,02-01-2010,78,82
4117,03-01-2010,72,88
4117,04-01-2010,76,84
4117,05-01-2010,90,70
4117,06-01-2010,76,84
4117,07-01-2010,87,73
4117,08-01-2010,73,87
4117,09-01-2010,86,74
4117,10-01-2010,81,79
4118,10-01-2009,78,82
4118,11-01-2009,89,71
4118,12-01-2009,73,87
4118,01-01-2010,75,85
4118,02-01-2010,80,80
4118,03-01-2010,90,70
4118,04-01-2010,77,83
4118,05-01-2010,76,84
4118,06-01-2010,89,71
4118,07-01-2010,81,79
4118,08-01-2010,73,87
4118,09-01-2010,79,81
4118,10-01-2010,86,74
4119,10-01-2009,72,88
4119,11-01-2009,73,87
4119,12-01-2009,73,87
4119,01-01-2010,79,81
4119,02-01-2010,84,76
4119,03-01-2010,78,82
4119,04-01-2010,81,79
4119,05-01-2010,80,80
4119,06-01-2010,77,83
4119,07-01-2010,82,78
4119,08-01-2010,73,87
4119,09-01-2010,73,87
4119,10-01-2010,88,72
4120,10-01-2009,74,86
4120,11-01-2009,74,86
4120,12-01-2009,81,79
4120,01-01-2010,71,89
4120,02-01-2010,88,72
4120,03-01-2010,79,81
4120,04-01-2010,90,70
4120,05-01-2010,74,86
4120,06-01-2010,81,79
4120,07-01-2010,88,72
4120,08-01-2010,84,76
4120,09-01-2010,77,83
4120,10-01-2010,84,76
4121,10-01-2009,76,84
4121,11-01-2009,71,89
4121,12-01-2009,79,81
4121,01-01-2010,82,78
4121,02-01-2010,82,78
4121,03-01-2010,74,86
4121,04-01-2010,79,81
4121,05-01-2010,78,82
4121,06-01-2010,82,78
4121,07-01-2010,80,80
4121,08-01-2010,79,81
4121,09-01-2010,79,81
4121,10-01-2010,76,84
4122,10-01-2009,77,83
4122,11-01-2009,81,79
4122,12-01-2009,71,89
4122,01-01-2010,83,77
4122,02-01-2010,72,88
4122,03-01-2010,72,88
4122,04-01-2010,87,73
4122,05-01-2010,74,86
4122,06-01-2010,90,70
4122,07-01-2010,86,74
4122,08-01-2010,89,71
4122,09-01-2010,88,72
4122,10-01-2010,76,84
4123,10-01-2009,82,78
4123,11-01-2009,78,82
4123,12-01-2009,74,86
4123,01-01-2010,75,85
4123,02-01-2010,78,82
4123,03-01-2010,71,89
4123,04-01-2010,74,86
4123,05-01-2010,79,81
4123,06-01-2010,90,70
4123,07-01-2010,77,83
4123,08-01-2010,79,81
4123,09-01-2010,79,81
4123,10-01-2010,82,78
4124,10-01-2009,90,70
4124,11-01-2009,80,80
4124,12-01-2009,79,81
4124,01-01-2010,72,88
4124,02-01-2010,88,72
4124,03-01-2010,84,76
4124,04-01-2010,86,74
4124,05-01-2010,71,89
4124,06-01-2010,77,83
4124,07-01-2010,88,72
4124,08-01-2010,76,84
4124,09-01-2010,71,89
4124,10-01-2010,89,71
4125,10-01-2009,72,88
4125,11-01-2009,71,89
4125,12-01-2009,84,76
4125,01-01-2010,89,71
4125,02-01-2010,71,89
4125,03-01-2010,80,80
4125,04-01-2010,79,81
4125,05-01-2010,78,82
4125,06-01-2010,71,89
4125,07-01-2010,81,79
4125,08-01-2010,83,77
4125,09-01-2010,71,89
4125,10-01-2010,81,79
4126,10-01-2009,74,86
4126,11-01-2009,87,73
4126,12-01-2009,72,88
4126,01-01-2010,81,79
4126,02-01-2010,80,80
4126,03-01-2010,71,89
4126,04-01-2010,78,82
4126,05-01-2010,72,88
4126,06-01-2010,75,85
4126,07-01-2010,80,80
4126,08-01-2010,89,71
4126,09-01-2010,81,79
4126,10-01-2010,83,77
4127,10-01-2009,84,76
4127,11-01-2009,85,75
4127,12-01-2009,79,81
4127,01-01-2010,78,82
4127,02-01-2010,81,79
4127,03-01-2010,87,73
4127,04-01-2010,85,75
4127,05-01-2010,77,83
4127,06-01-2010,85,75
4127,07-01-2010,72,88
4127,08-01-2010,74,86
4127,09-01-2010,86,74
4127,10-01-2010,74,86
4128,10-01-2009,73,87
4128,11-01-2009,78,82
4128,12-01-2009,89,71
4128,01-01-2010,84,76
4128,02-01-2010,74,86
4128,03-01-2010,85,75
4128,04-01-2010,89,71
4128,05-01-2010,74,86
4128,06-01-2010,84,76
4128,07-01-2010,88,72
4128,08-01-2010,77,83
4128,09-01-2010,71,89
4128,10-01-2010,85,75
4129,10-01-2009,82,78
4129,11-01-2009,75,85
4129,12-01-2009,89,71
4129,01-01-2010,78,82
4129,02-01-2010,72,88
4129,03-01-2010,89,71
4129,04-01-2010,82,78
4129,05-01-2010,80,80
4129,06-01-2010,82,78
4129,07-01-2010,79,81
4129,08-01-2010,71,89
4129,09-01-2010,76,84
4129,10-01-2010,77,83
4130,10-01-2009,74,86
4130,11-01-2009,87,73
4130,12-01-2009,86,74
4130,01-01-2010,89,71
4130,02-01-2010,88,72
4130,03-01-2010,81,79
4130,04-01-2010,78,82
4130,05-01-2010,85,75
4130,06-01-2010,89,71
4130,07-01-2010,84,76
4130,08-01-2010,85,75
4130,09-01-2010,89,71
4130,10-01-2010,87,73
4131,10-01-2009,78,82
4131,11-01-2009,74,86
4131,12-01-2009,85,75
4131,01-01-2010,85,75
4131,02-01-2010,89,71
4131,03-01-2010,87,73
4131,04-01-2010,81,79
4131,05-01-2010,89,71
4131,06-01-2010,88,72
4131,07-01-2010,90,70
4131,08-01-2010,75,85
4131,09-01-2010,78,82
4131,10-01-2010,71,89
4132,10-01-2009,84,76
4132,11-01-2009,88,72
4132,12-01-2009,90,70
4132,01-01-2010,80,80
4132,02-01-2010,90,70
4132,03-01-2010,77,83
4132,04-01-2010,71,89
4132,05-01-2010,86,74
4132,06-01-2010,85,75
4132,07-01-2010,75,85
4132,08-01-2010,81,79
4132,09-01-2010,73,87
4132,10-01-2010,83,77
4133,10-01-2009,85,75
4133,11-01-2009,75,85
4133,12-01-2009,85,75
4133,01-01-2010,82,78
4133,02-01-2010,83,77
4133,03-01-2010,80,80
4133,04-01-2010,72,88
4133,05-01-2010,79,81
4133,06-01-2010,89,71
4133,07-01-2010,83,77
4133,08-01-2010,77,83
4133,09-01-2010,78,82
4133,10-01-2010,81,79
4134,10-01-2009,84,76
4134,11-01-2009,75,85
4134,12-01-2009,86,74
4134,01-01-2010,73,87
4134,02-01-2010,71,89
4134,03-01-2010,75,85
4134,04-01-2010,82,78
4134,05-01-2010,82,78
4134,06-01-2010,76,84
4134,07-01-2010,80,80
4134,08-01-2010,80,80
4134,09-01-2010,85,75
4134,10-01-2010,77,83
4135,10-01-2009,78,82
4135,11-01-2009,84,76
4135,12-01-2009,88,72
4135,01-01-2010,89,71
4135,02-01-2010,79,81
4135,03-01-2010,73,87
4135,04-01-2010,76,84
4135,05-01-2010,80,80
4135,06-01-2010,77,83
4135,07-01-2010,77,83
4135,08-01-2010,90,70
4135,09-01-2010,85,75
4135,10-01-2010,83,77
4136,10-01-2009,74,86
4136,11-01-2009,89,71
4136,12-01-2009,85,75
4136,01-01-2010,79,81
4136,02-01-2010,75,85
4136,03-01-2010,72,88
4136,04-01-2010,77,83
4136,05-01-2010,80,80
4136,06-01-2010,72,88
4136,07-01-2010,72,88
4136,08-01-2010,71,89
4136,09-01-2010,74,86
4136,10-01-2010,90,70
4137,10-01-2009,72,88
4137,11-01-2009,75,85
4137,12-01-2009,79,81
4137,01-01-2010,86,74
4137,02-01-2010,73,87
4137,03-01-2010,75,85
4137,04-01-2010,89,71
4137,05-01-2010,83,77
4137,06-01-2010,76,84
4137,07-01-2010,74,86
4137,08-01-2010,87,73
4137,09-01-2010,78,82
4137,10-01-2010,76,84
4138,10-01-2009,73,87
4138,11-01-2009,76,84
4138,12-01-2009,80,80
4138,01-01-2010,74,86
4138,02-01-2010,88,72
4138,03-01-2010,82,78
4138,04-01-2010,73,87
4138,05-01-2010,86,74
4138,06-01-2010,89,71
4138,07-01-2010,86,74
4138,08-01-2010,77,83
4138,09-01-2010,83,77
4138,10-01-2010,81,79
4139,10-01-2009,78,82
4139,11-01-2009,85,75
4139,12-01-2009,80,80
4139,01-01-2010,80,80
4139,02-01-2010,85,75
4139,03-01-2010,87,73
4139,04-01-2010,88,72
4139,05-01-2010,89,71
4139,06-01-2010,78,82
4139,07-01-2010,82,78
4139,08-01-2010,78,82
4139,09-01-2010,81,79
4139,10-01-2010,83,77
4140,10-01-2009,75,85
4140,11-01-2009,88,72
4140,12-01-2009,76,84
4140,01-01-2010,73,87
4140,02-01-2010,75,85
4140,03-01-2010,80,80
4140,04-01-2010,84,76
4140,05-01-2010,90,70
4140,06-01-2010,71,89
4140,07-01-2010,84,76
4140,08-01-2010,74,86
4140,09-01-2010,87,73
4140,10-01-2010,80,80
4141,10-01-2009,85,75
4141,11-01-2009,86,74
4141,12-01-2009,72,88
4141,01-01-2010,76,84
4141,02-01-2010,83,77
4141,03-01-2010,82,78
4141,04-01-2010,90,70
4141,05-01-2010,74,86
4141,06-01-2010,76,84
4141,07-01-2010,76,84
4141,08-01-2010,82,78
4141,09-01-2010,81,79
4141,10-01-2010,81,79
4142,10-01-2009,72,88
4142,11-01-2009,89,71
4142,12-01-2009,80,80
4142,01-01-2010,89,71
4142,02-01-2010,80,80
4142,03-01-2010,79,81
4142,04-01-2010,75,85
4142,05-01-2010,88,72
4142,06-01-2010,83,77
4142,07-01-2010,79,81
4142,08-01-2010,85,75
4142,09-01-2010,87,73
4142,10-01-2010,89,71
4143,10-01-2009,75,85
4143,11-01-2009,72,88
4143,12-01-2009,82,78
4143,01-01-2010,76,84
4143,02-01-2010,82,78
4143,03-01-2010,83,77
4143,04-01-2010,75,85
4143,05-01-2010,73,87
4143,06-01-2010,85,75
4143,07-01-2010,82,78
4143,08-01-2010,78,82
4143,09-01-2010,82,78
4143,10-01-2010,90,70
4144,10-01-2009,90,70
4144,11-01-2009,77,83
4144,12-01-2009,72,88
4144,01-01-2010,81,79
4144,02-01-2010,85,75
4144,03-01-2010,81,79
4144,04-01-2010,81,79
4144,05-01-2010,76,84
4144,06-01-2010,72,88
4144,07-01-2010,83,77
4144,08-01-2010,74,86
4144,09-01-2010,75,85
4144,10-01-2010,71,89
4145,10-01-2009,84,76
4145,11-01-2009,77,83
4145,12-01-2009,76,84
4145,01-01-2010,72,88
4145,02-01-2010,78,82
4145,03-01-2010,81,79
4145,04-01-2010,82,78
4145,05-01-2010,73,87
4145,06-01-2010,81,79
4145,07-01-2010,88,72
4145,08-01-2010,77,83
4145,09-01-2010,89,71
4145,10-01-2010,83,77
4146,10-01-2009,80,80
4146,11-01-2009,81,79
4146,12-01-2009,83,77
4146,01-01-2010,90,70
4146,02-01-2010,76,84
4146,03-01-2010,79,81
4146,04-01-2010,76,84
4146,05-01-2010,74,86
4146,06-01-2010,89,71
4146,07-01-2010,76,84
4146,08-01-2010,89,71
4146,09-01-2010,71,89
4146,10-01-2010,75,85
4147,10-01-2009,87,73
4147,11-01-2009,71,89
4147,12-01-2009,83,77
4147,01-01-2010,82,78
4147,02-01-2010,75,85
4147,03-01-2010,87,73
4147,04-01-2010,89,71
4147,05-01-2010,79,81
4147,06-01-2010,79,81
4147,07-01-2010,84,76
4147,08-01-2010,74,86
4147,09-01-2010,78,82
4147,10-01-2010,81,79
4148,10-01-2009,72,88
4148,11-01-2009,76,84
4148,12-01-2009,80,80
4148,01-01-2010,89,71
4148,02-01-2010,76,84
4148,03-01-2010,90,70
4148,04-01-2010,89,71
4148,05-01-2010,81,79
4148,06-01-2010,85,75
4148,07-01-2010,88,72
4148,08-01-2010,85,75
4148,09-01-2010,81,79
4148,10-01-2010,76,84
4149,10-01-2009,73,87
4149,11-01-2009,86,74
4149,12-01-2009,85,75
4149,01-01-2010,79,81
4149,02-01-2010,75,85
4149,03-01-2010,75,85
4149,04-01-2010,71,89
4149,05-01-2010,79,81
4149,06-01-2010,75,85
4149,07-01-2010,87,73
4149,08-01-2010,80,80
4149,09-01-2010,72,88
4149,10-01-2010,85,75
