4000,Daniel,Harrell,Male,09-13-1974,040.897.2985,74091372170
4001,Carl,Garrett,Male,05-06-1993,+1-382-947-6380,93050659156
4002,April,Ochoa,Female,01-27-1974,+1-417-652-4569x33000,74012738879
4003,Curtis,Ramos,Male,05-20-1973,846-117-1088x108,73052040718
4004,Samantha,May,Female,09-18-1994,(755)057-2637,94091802575
4005,Stacey,Anderson,Female,06-04-1987,+1-736-201-5696x8942,87060472619
4006,Jenny,Gould,Female,08-03-1979,001-092-106-5341x408,79080325018
4007,Nancy,Ortiz,Female,04-26-1991,952-504-1649x7205,91042616012
4008,Patricia,Thompson,Female,02-24-1971,184.203.4596,71022472526
4009,Terry,Johnston,Male,01-02-1971,+1-172-769-9996x5949,71010243378
4010,Jennifer,Butler,Female,08-21-1987,(730)599-8603,87082115896
4011,Jennifer,Matthews,Female,09-08-1984,(515)992-1505x94540,84090835169
4012,Rachael,Vasquez,Female,10-31-1984,001-977-416-9506x3524,84103177791
4013,Lynn,Graham,Female,01-13-1983,421-553-1803,83011305473
4014,Ryan,Delgado,Male,06-11-1977,352.000.3546x9490,77061153271
4015,Richard,White,Male,05-01-1992,+1-582-410-6780x332,92050100682
4016,Ronald,Cunningham,Male,12-29-1991,113-374-7365x177,91122991121
4017,Thomas,Clark,Male,01-08-1995,+1-142-803-6090x29186,95010889406
4018,Jennifer,Taylor,Female,10-29-1987,(570)257-0541x41642,87102912087
4019,Margaret,Harvey,Female,09-21-1993,001-153-501-3082x60341,93092101629
4020,Sonia,Buck,Female,12-05-1986,256-970-1408x43872,86120536884
4021,Jennifer,Dixon,Female,09-23-1974,(837)252-3860x00518,74092348485
4022,Michael,Diaz,Male,08-12-1975,893-045-1513x085,75081245576
4023,Carol,Roberts,Female,06-04-1986,999.636.2807x769,86060431473
4024,Brian,Murray,Male,09-26-1970,683.915.5456,70092685481
4025,Brandon,Oliver,Male,01-06-1970,+1-582-292-8983x409,70010694751
4026,Clifford,Lambert,Male,12-30-1969,(682)743-9153x453,69123023238
4027,Amanda,Edwards,Female,04-22-1987,429-730-7175,87042230534
4028,Daniel,Santos,Male,12-13-1994,(699)299-1559x86794,94121320128
4029,Kathy,Reed,Female,06-27-1993,389-438-0032x598,93062752497
4030,David,Ryan,Male,12-16-1976,(395)942-3019x0573,76121639439
4031,James,Kirby,Male,11-04-1977,001-641-342-5942x089,77110497793
4032,Barbara,Randall,Female,11-04-1978,001-276-780-6127,78110433935
4033,Jennifer,Adams,Female,03-03-1974,+1-490-359-3142x08057,74030371859
4034,Scott,Santana,Male,11-12-1977,281.108.7556x109,77111274672
4035,Stephanie,Villarreal,Female,06-11-1990,001-432-892-4628x76203,90061170665
4036,Brian,Chen,Male,09-03-1977,0389734473,77090331047
4037,Richard,Mooney,Male,06-25-1993,+1-229-201-1187x2845,93062554128
4038,Margaret,Vincent,Female,09-07-1991,1970582877,91090759195
4039,Gerald,Alexander,Male,02-06-1975,001-366-060-5460x620,75020670752
4040,Bryan,Thompson,Male,09-23-1970,159.710.3315x340,70092375078
4041,Michael,Zimmerman,Male,07-10-1990,+1-971-178-7563x49071,90071092392
4042,Jackie,Hall,Female,06-14-1980,+1-135-053-7602x787,80061463121
4043,Cody,Taylor,Male,03-01-1979,412-398-1421x398,79030181120
4044,Connor,Martinez,Male,05-29-1978,719-582-4110x9732,78052927862
4045,Juan,Mahoney,Male,04-18-1970,001-255-548-6096x7713,70041809862
4046,Erin,Kelly,Female,02-13-1974,337-629-0161,74021388254
4047,William,Berry,Male,04-02-1994,517.641.1746,94040286846
4048,Jennifer,Reese,Female,12-03-1994,714-205-0590x261,94120381190
4049,Jeffrey,Montgomery,Male,03-27-1988,+1-241-457-0105x3836,88032749583
4050,Tommy,Molina,Male,10-13-1983,+1-859-649-1148x9825,83101327545
4051,Jasmine,Hart,Female,03-14-1993,(385)350-9762,93031487995
4052,Kevin,Huang,Male,11-05-1980,400.139.3038x00162,80110511702
4053,Mark,Rocha,Male,09-18-1989,637-950-6458,89091843541
4054,Brandon,Thomas,Male,07-01-1970,052.500.8330x58766,70070161585
4055,Christopher,Mcclain,Male,01-06-1985,490.956.2983x37435,85010695324
4056,James,Gordon,Male,08-06-1984,001-687-119-4204x87157,84080696687
4057,Wayne,Valentine,Male,04-15-1980,897-709-6351,80041525305
4058,Rhonda,Paul,Female,08-13-1981,138-391-8251x013,81081383495
4059,Kenneth,Brooks,Male,04-23-1992,001-592-471-9896,92042349234
4060,Michelle,Merritt,Female,09-11-1991,792.950.6287x7848,91091145172
4061,Karl,Fletcher,Male,07-31-1992,(690)962-9100x548,92073153694
4062,Alexandria,Smith,Female,12-04-1979,(522)629-1310,79120421885
4063,Brooke,Burnett,Female,01-15-1975,+1-210-998-5253x767,75011562512
4064,Sharon,Allen,Female,11-22-1974,954.259.8681x4500,74112244531
4065,Tammy,Mcgee,Female,09-11-1973,+1-517-359-1758,73091168882
4066,Daniel,Harrell,Male,05-07-1993,213.661.2584x9944,93050731097
4067,Travis,Gray,Male,01-28-1988,+1-834-048-7997,88012835955
4068,Micheal,Hughes,Male,04-05-1983,(693)470-3081x0892,83040588743
4069,Julia,Chang,Female,01-25-1977,425.319.4899x49333,77012562406
4070,Nicole,Russo,Female,05-31-1971,6545598036,71053192113
4071,Ryan,Davis,Male,02-10-1975,001-741-096-4196x0518,75021001968
4072,Veronica,Walls,Female,03-02-1987,+1-013-400-7198x5248,87030229100
4073,Frank,Reed,Male,11-07-1973,001-902-696-7424,73110747561
4074,Brianna,Thomas,Female,05-17-1975,5820854823,75051766594
4075,Jack,Duncan,Male,11-03-1992,001-020-978-6725x2767,92110313071
4076,Nicholas,King,Male,11-18-1970,001-688-477-9716x139,70111874557
4077,Danny,Garcia,Male,05-26-1991,(505)026-5650x4200,91052687536
4078,Nichole,Macdonald,Female,06-29-1977,040-707-0932,77062988803
4079,Robert,Henderson,Male,09-13-1974,(345)332-0088x31383,74091374245
4080,Angelica,Nelson,Female,07-22-1985,756-434-6720,85072275387
4081,Meghan,Price,Female,05-27-1979,(005)796-0864,79052723727
4082,Stephanie,Thompson,Female,07-20-1971,578.752.8249x801,71072004748
4083,April,Burgess,Female,12-26-1986,827.127.1299,86122672052
4084,Dawn,Evans,Female,06-26-1984,+1-867-566-8278x0354,84062648463
4085,Lauren,Weber,Female,05-07-1990,001-194-057-3933x9216,90050760663
4086,Randy,Richardson,Male,12-13-1986,(885)214-2496x1354,86121334272
4087,Sherry,Lopez,Female,04-29-1987,001-737-370-0774x16698,87042959581
4088,Latoya,Curtis,Female,01-27-1981,(923)279-1295x3545,81012740416
4089,Jennifer,Dean,Female,07-03-1971,800-654-5925x75287,71070329259
4090,Melissa,West,Female,11-19-1984,146.548.0836x08329,84111938779
4091,Eric,Medina,Male,09-21-1984,4245519740,84092116575
4092,Kristine,Reed,Female,10-18-1974,566-957-2039,74101825327
4093,Adam,Hensley,Male,06-10-1991,(835)004-1947,91061002957
4094,Gail,Davis,Female,05-16-1980,131.727.4218x680,80051641617
4095,James,Rodriguez,Male,06-08-1970,001-863-194-4017,70060895774
4096,Dustin,Buchanan,Male,10-13-1976,287-828-7675,76101333698
4097,Kelsey,Martin,Female,02-07-1987,157.255.8439x22714,87020781653
4098,John,Johnson,Male,09-02-1988,710-703-6412x295,88090268662
4099,Victoria,Smith,Female,11-03-1986,+1-062-288-4520x424,86110361064
4100,Sherry,Mclaughlin,Female,04-22-1983,367-576-3376,83042264815
4101,Debbie,Boyer,Female,06-02-1977,001-795-623-6796x57559,77060220899
4102,Timothy,Bush,Male,08-04-1983,+1-768-356-6377x66709,83080492012
4103,Dylan,Kelly,Male,10-17-1982,001-416-814-9199,82101740090
4104,Wendy,Sellers,Female,03-30-1979,836-883-2159,79033087321
4105,Bradley,Salazar,Male,08-31-1973,+1-072-182-3971,73083139284
4106,Brittany,Gutierrez,Female,01-25-1981,851-747-0906x035,81012530540
4107,Karen,Young,Female,12-06-1985,001-513-276-0667x564,85120602368
4108,Amy,Wilson,Female,03-05-1978,642-960-1035x7367,78030557913
4109,Jonathan,Lutz,Male,10-31-1984,001-178-944-9159x548,84103138121
4110,Patrick,Lee,Male,01-03-1971,354.183.2988,71010322407
4111,Jennifer,Williamson,Female,07-14-1990,800-499-8795x83495,90071419854
4112,Joseph,Henry,Male,12-12-1984,563-752-1537x215,84121239175
4113,Danielle,Jackson,Female,06-20-1986,903.127.3411,86062012573
4114,Angela,Erickson,Female,10-28-1976,001-264-015-6228x844,76102890532
4115,Derrick,Aguilar,Male,04-15-1975,133.153.1866x87149,75041534526
4116,Bruce,Campbell,Male,08-30-1991,922-351-7017,91083016466
4117,Kevin,Ramos,Male,01-15-1972,+1-150-672-3309x993,72011587600
4118,Angela,Swanson,Female,04-14-1990,820-310-0715x2463,90041451852
4119,Michael,Smith,Male,11-24-1970,7553770936,70112447373
4120,Brian,Herrera,Male,04-26-1981,001-070-745-3381x7075,81042647483
4121,Maria,Kelley,Female,09-20-1991,(959)506-6374,91092000844
4122,Betty,Blackwell,Female,08-05-1972,(707)801-3606,72080579284
4123,Brianna,Mitchell,Female,12-15-1977,+1-233-311-3200x704,77121560101
4124,Rachel,Nelson,Female,01-16-1986,001-462-176-5991,86011602486
4125,George,Brock,Male,03-06-1992,+1-905-689-5374x584,92030636241
4126,Natasha,Ritter,Female,08-05-1984,366.738.0782,84080546207
4127,Justin,Rocha,Male,11-17-1988,769.411.1974x3714,88111747673
4128,Andrew,Dunlap,Male,03-06-1977,2240212219,77030660509
4129,Kimberly,Williams,Female,06-19-1990,859.870.5324x65147,90061905049
4130,Lauren,Davis,Female,02-14-1992,195-702-2042,92021424411
4131,James,Miller,Male,04-22-1973,753.327.7601,73042246247
4132,William,Ritter,Male,05-21-1970,001-751-344-0580x7542,70052119743
4133,Anthony,Rivas,Male,11-16-1989,552.545.2758,89111635557
4134,Robert,Mcguire,Male,06-06-1977,001-010-625-1904x156,77060668189
4135,Joy,Martin,Female,09-04-1989,5394887979,89090429826
4136,Sarah,Elliott,Female,02-15-1983,853-603-6618,83021505547
4137,Christina,White,Female,06-23-1982,+1-524-067-2842x096,82062399466
4138,Dawn,Moore,Female,11-03-1987,229.177.4945,87110304700
4139,John,White,Male,06-09-1980,250.330.1657,80060990067
4140,Joshua,Clark,Male,06-07-1978,2541669546,78060777544
4141,Joseph,Williams,Male,07-31-1993,5645458981,93073127955
4142,Stacy,Simpson,Female,05-11-1976,001-745-627-4904x47808,76051152650
4143,George,Morris,Male,01-28-1978,448-471-6731,78012866345
4144,Nicholas,Harvey,Male,08-27-1987,643.088.8170x9170,87082769695
4145,April,Tate,Female,09-21-1994,1634471032,94092145499
4146,Margaret,Robinson,Female,05-18-1970,+1-384-457-5377x208,70051842679
4147,Katherine,Smith,Female,06-01-1977,001-822-400-9113x04923,77060174111
4148,Kendra,Evans,Female,10-30-1973,511.263.8449x8060,73103001680
4149,Christopher,Parker,Male,04-21-1971,+1-063-860-3759x498,71042196813
